sunrise,sunset,moonrise,moonset,moon_phase,moon_illumination,state,city
06:14 AM,05:55 PM,02:53 PM,01:17 AM,First Quarter,61,Andhra Pradesh,Amaravati
05:50 AM,05:35 PM,02:24 PM,01:00 AM,First Quarter,61,Andhra Pradesh,Visakhapatnam
06:00 AM,05:47 PM,02:34 PM,01:14 AM,First Quarter,61,Andhra Pradesh,Vijayawada
06:01 AM,05:47 PM,02:34 PM,01:15 AM,First Quarter,61,Andhra Pradesh,Guntur
06:01 AM,05:50 PM,02:33 PM,01:20 AM,First Quarter,61,Andhra Pradesh,Nellore
06:01 AM,05:50 PM,02:33 PM,01:20 AM,First Quarter,61,Andhra Pradesh,Tirupati
06:15 AM,05:54 PM,03:35 PM,02:16 AM,Waxing Gibbous,68,Andhra Pradesh,Amaravati
05:51 AM,05:34 PM,03:08 PM,01:58 AM,Waxing Gibbous,68,Andhra Pradesh,Visakhapatnam
06:00 AM,05:46 PM,03:17 PM,02:11 AM,Waxing Gibbous,68,Andhra Pradesh,Vijayawada
06:01 AM,05:47 PM,03:18 PM,02:12 AM,Waxing Gibbous,68,Andhra Pradesh,Guntur
06:01 AM,05:50 PM,03:18 PM,02:16 AM,Waxing Gibbous,68,Andhra Pradesh,Nellore
06:03 AM,05:53 PM,03:19 PM,02:20 AM,Waxing Gibbous,68,Andhra Pradesh,Tirupati
06:15 AM,05:53 PM,04:12 PM,03:13 AM,Waxing Gibbous,76,Andhra Pradesh,Amaravati
05:51 AM,05:34 PM,03:47 PM,02:53 AM,Waxing Gibbous,76,Andhra Pradesh,Visakhapatnam
06:01 AM,05:45 PM,03:57 PM,03:05 AM,Waxing Gibbous,76,Andhra Pradesh,Vijayawada
06:01 AM,05:46 PM,03:57 PM,03:06 AM,Waxing Gibbous,76,Andhra Pradesh,Guntur
06:02 AM,05:49 PM,03:58 PM,03:10 AM,Waxing Gibbous,76,Andhra Pradesh,Nellore
06:03 AM,05:52 PM,03:59 PM,03:13 AM,Waxing Gibbous,76,Andhra Pradesh,Tirupati
06:15 AM,05:53 PM,04:46 PM,04:07 AM,Waxing Gibbous,83,Andhra Pradesh,Amaravati
05:51 AM,05:33 PM,04:22 PM,03:46 AM,Waxing Gibbous,83,Andhra Pradesh,Visakhapatnam
06:01 AM,05:45 PM,04:33 PM,03:57 AM,Waxing Gibbous,83,Andhra Pradesh,Vijayawada
06:01 AM,05:45 PM,04:34 PM,03:58 AM,Waxing Gibbous,83,Andhra Pradesh,Guntur
06:02 AM,05:49 PM,04:35 PM,04:01 AM,Waxing Gibbous,83,Andhra Pradesh,Nellore
06:03 AM,05:51 PM,04:37 PM,04:04 AM,Waxing Gibbous,83,Andhra Pradesh,Tirupati
06:16 AM,05:52 PM,05:20 PM,04:59 AM,Waxing Gibbous,90,Andhra Pradesh,Amaravati
05:51 AM,05:32 PM,04:58 PM,04:36 AM,Waxing Gibbous,90,Andhra Pradesh,Visakhapatnam
06:01 AM,05:44 PM,05:09 PM,04:47 AM,Waxing Gibbous,90,Andhra Pradesh,Vijayawada
06:01 AM,05:45 PM,05:10 PM,04:48 AM,Waxing Gibbous,90,Andhra Pradesh,Guntur
06:02 AM,05:48 PM,05:12 PM,04:50 AM,Waxing Gibbous,90,Andhra Pradesh,Nellore
06:04 AM,05:51 PM,05:14 PM,04:52 AM,Waxing Gibbous,90,Andhra Pradesh,Tirupati
06:16 AM,05:51 PM,05:53 PM,05:50 AM,Waxing Gibbous,97,Andhra Pradesh,Amaravati
05:52 AM,05:32 PM,05:32 PM,05:26 AM,Waxing Gibbous,97,Andhra Pradesh,Visakhapatnam
06:01 AM,05:43 PM,05:44 PM,05:36 AM,Waxing Gibbous,97,Andhra Pradesh,Vijayawada
06:02 AM,05:44 PM,05:45 PM,05:37 AM,Waxing Gibbous,97,Andhra Pradesh,Guntur
06:02 AM,05:48 PM,05:48 PM,05:38 AM,Waxing Gibbous,97,Andhra Pradesh,Nellore
06:04 AM,05:50 PM,05:51 PM,05:40 AM,Waxing Gibbous,97,Andhra Pradesh,Tirupati
06:16 AM,05:51 PM,06:27 PM,06:40 AM,Full Moon,100,Andhra Pradesh,Amaravati
05:52 AM,05:31 PM,06:07 PM,06:15 AM,Full Moon,100,Andhra Pradesh,Visakhapatnam
06:02 AM,05:43 PM,06:19 PM,06:25 AM,Full Moon,100,Andhra Pradesh,Vijayawada
06:02 AM,05:44 PM,06:20 PM,06:25 AM,Full Moon,100,Andhra Pradesh,Guntur
06:02 AM,05:47 PM,06:24 PM,06:26 AM,Full Moon,100,Andhra Pradesh,Nellore
06:04 AM,05:50 PM,06:27 PM,06:27 AM,Full Moon,100,Andhra Pradesh,Tirupati
06:17 AM,05:50 PM,07:03 PM,07:32 AM,Waxing Gibbous,88,Andhra Pradesh,Amaravati
05:52 AM,05:31 PM,06:44 PM,07:04 AM,Waxing Gibbous,88,Andhra Pradesh,Visakhapatnam
06:02 AM,05:42 PM,06:57 PM,07:14 AM,Waxing Gibbous,88,Andhra Pradesh,Vijayawada
06:02 AM,05:43 PM,06:58 PM,07:15 AM,Waxing Gibbous,88,Andhra Pradesh,Guntur
06:03 AM,05:47 PM,07:03 PM,07:14 AM,Waxing Gibbous,88,Andhra Pradesh,Nellore
06:04 AM,05:49 PM,07:06 PM,07:16 AM,Waxing Gibbous,88,Andhra Pradesh,Tirupati
05:15 AM,04:47 PM,01:59 PM,No moonset,First Quarter,61,Arunachal Pradesh,Itanagar
05:53 AM,05:24 PM,02:36 PM,12:35 AM,First Quarter,61,Arunachal Pradesh,Tawang
05:09 AM,04:39 PM,01:53 PM,No moonset,First Quarter,61,Arunachal Pradesh,Pasighat
05:15 AM,04:46 PM,01:59 PM,No moonset,First Quarter,61,Arunachal Pradesh,Ziro
05:20 AM,04:52 PM,02:04 PM,12:03 AM,First Quarter,61,Arunachal Pradesh,Bomdila
05:16 AM,04:46 PM,02:37 PM,01:00 AM,Waxing Gibbous,68,Arunachal Pradesh,Itanagar
05:53 AM,05:23 PM,03:15 PM,01:37 AM,Waxing Gibbous,68,Arunachal Pradesh,Tawang
05:10 AM,04:38 PM,02:31 PM,12:52 AM,Waxing Gibbous,68,Arunachal Pradesh,Pasighat
05:15 AM,04:45 PM,02:37 PM,12:59 AM,Waxing Gibbous,68,Arunachal Pradesh,Ziro
05:21 AM,04:51 PM,02:42 PM,01:05 AM,Waxing Gibbous,68,Arunachal Pradesh,Bomdila
05:16 AM,04:45 PM,03:12 PM,02:00 AM,Waxing Gibbous,76,Arunachal Pradesh,Itanagar
05:54 AM,05:22 PM,03:50 PM,02:36 AM,Waxing Gibbous,76,Arunachal Pradesh,Tawang
05:10 AM,04:37 PM,03:06 PM,01:52 AM,Waxing Gibbous,76,Arunachal Pradesh,Pasighat
05:16 AM,04:44 PM,03:12 PM,01:58 AM,Waxing Gibbous,76,Arunachal Pradesh,Ziro
05:21 AM,04:50 PM,03:17 PM,02:05 AM,Waxing Gibbous,76,Arunachal Pradesh,Bomdila
05:17 AM,04:44 PM,03:44 PM,02:57 AM,Waxing Gibbous,83,Arunachal Pradesh,Itanagar
05:54 AM,05:21 PM,04:21 PM,03:34 AM,Waxing Gibbous,83,Arunachal Pradesh,Tawang
05:11 AM,04:36 PM,03:37 PM,02:49 AM,Waxing Gibbous,83,Arunachal Pradesh,Pasighat
05:17 AM,04:43 PM,03:43 PM,02:56 AM,Waxing Gibbous,83,Arunachal Pradesh,Ziro
05:22 AM,04:49 PM,03:49 PM,03:02 AM,Waxing Gibbous,83,Arunachal Pradesh,Bomdila
05:18 AM,04:43 PM,04:14 PM,03:52 AM,Waxing Gibbous,90,Arunachal Pradesh,Itanagar
05:55 AM,05:20 PM,04:51 PM,04:29 AM,Waxing Gibbous,90,Arunachal Pradesh,Tawang
05:12 AM,04:35 PM,04:07 PM,03:45 AM,Waxing Gibbous,90,Arunachal Pradesh,Pasighat
05:17 AM,04:42 PM,04:13 PM,03:51 AM,Waxing Gibbous,90,Arunachal Pradesh,Ziro
05:23 AM,04:48 PM,04:19 PM,03:57 AM,Waxing Gibbous,90,Arunachal Pradesh,Bomdila
05:18 AM,04:42 PM,04:44 PM,04:46 AM,Waxing Gibbous,97,Arunachal Pradesh,Itanagar
05:56 AM,05:19 PM,05:21 PM,05:24 AM,Waxing Gibbous,97,Arunachal Pradesh,Tawang
05:12 AM,04:34 PM,04:37 PM,04:39 AM,Waxing Gibbous,97,Arunachal Pradesh,Pasighat
05:18 AM,04:41 PM,04:43 PM,04:45 AM,Waxing Gibbous,97,Arunachal Pradesh,Ziro
05:23 AM,04:47 PM,04:49 PM,04:51 AM,Waxing Gibbous,97,Arunachal Pradesh,Bomdila
05:19 AM,04:41 PM,05:16 PM,05:40 AM,Full Moon,100,Arunachal Pradesh,Itanagar
05:56 AM,05:18 PM,05:52 PM,06:17 AM,Full Moon,100,Arunachal Pradesh,Tawang
05:13 AM,04:33 PM,05:07 PM,05:34 AM,Full Moon,100,Arunachal Pradesh,Pasighat
05:18 AM,04:40 PM,05:14 PM,05:40 AM,Full Moon,100,Arunachal Pradesh,Ziro
05:24 AM,04:46 PM,05:20 PM,05:45 AM,Full Moon,100,Arunachal Pradesh,Bomdila
05:19 AM,04:40 PM,05:49 PM,06:34 AM,Waxing Gibbous,88,Arunachal Pradesh,Itanagar
05:57 AM,05:17 PM,06:25 PM,07:12 AM,Waxing Gibbous,88,Arunachal Pradesh,Tawang
05:13 AM,04:32 PM,05:40 PM,06:28 AM,Waxing Gibbous,88,Arunachal Pradesh,Pasighat
05:19 AM,04:39 PM,05:47 PM,06:33 AM,Waxing Gibbous,88,Arunachal Pradesh,Ziro
05:24 AM,04:45 PM,05:53 PM,06:39 AM,Waxing Gibbous,88,Arunachal Pradesh,Bomdila
05:22 AM,04:55 PM,02:04 PM,12:08 AM,First Quarter,61,Assam,Dispur
05:22 AM,04:55 PM,02:05 PM,12:08 AM,First Quarter,61,Assam,Guwahati
05:18 AM,04:51 PM,02:01 PM,12:03 AM,First Quarter,61,Assam,Tezpur
05:10 AM,04:42 PM,01:54 PM,No moonset,First Quarter,61,Assam,Dibrugarh
05:17 AM,04:52 PM,01:58 PM,12:07 AM,First Quarter,61,Assam,Silchar
05:13 AM,04:45 PM,01:57 PM,No moonset,First Quarter,61,Assam,North Lakhimpur
05:23 AM,04:54 PM,02:43 PM,01:10 AM,Waxing Gibbous,68,Assam,Dispur
05:23 AM,04:54 PM,02:44 PM,01:10 AM,Waxing Gibbous,68,Assam,Guwahati
05:19 AM,04:50 PM,02:40 PM,01:05 AM,Waxing Gibbous,68,Assam,Tezpur
05:11 AM,04:41 PM,02:32 PM,12:54 AM,Waxing Gibbous,68,Assam,Dibrugarh
05:17 AM,04:51 PM,02:37 PM,01:08 AM,Waxing Gibbous,68,Assam,Silchar
05:14 AM,04:44 PM,02:35 PM,12:58 AM,Waxing Gibbous,68,Assam,North Lakhimpur
05:23 AM,04:53 PM,03:19 PM,02:09 AM,Waxing Gibbous,76,Assam,Dispur
05:23 AM,04:53 PM,03:19 PM,02:09 AM,Waxing Gibbous,76,Assam,Guwahati
05:19 AM,04:49 PM,03:15 PM,02:04 AM,Waxing Gibbous,76,Assam,Tezpur
05:12 AM,04:40 PM,03:07 PM,01:54 AM,Waxing Gibbous,76,Assam,Dibrugarh
05:18 AM,04:50 PM,03:13 PM,02:06 AM,Waxing Gibbous,76,Assam,Silchar
05:15 AM,04:43 PM,03:10 PM,01:58 AM,Waxing Gibbous,76,Assam,North Lakhimpur
05:24 AM,04:52 PM,03:51 PM,03:05 AM,Waxing Gibbous,83,Assam,Dispur
05:24 AM,04:52 PM,03:51 PM,03:05 AM,Waxing Gibbous,83,Assam,Guwahati
05:20 AM,04:48 PM,03:47 PM,03:01 AM,Waxing Gibbous,83,Assam,Tezpur
05:12 AM,04:39 PM,03:39 PM,02:51 AM,Waxing Gibbous,83,Assam,Dibrugarh
05:18 AM,04:49 PM,03:46 PM,03:02 AM,Waxing Gibbous,83,Assam,Silchar
05:15 AM,04:42 PM,03:42 PM,02:55 AM,Waxing Gibbous,83,Assam,North Lakhimpur
05:24 AM,04:51 PM,04:22 PM,04:00 AM,Waxing Gibbous,90,Assam,Dispur
05:24 AM,04:52 PM,04:22 PM,04:00 AM,Waxing Gibbous,90,Assam,Guwahati
05:21 AM,04:47 PM,04:17 PM,03:56 AM,Waxing Gibbous,90,Assam,Tezpur
05:13 AM,04:38 PM,04:09 PM,03:47 AM,Waxing Gibbous,90,Assam,Dibrugarh
05:19 AM,04:48 PM,04:18 PM,03:56 AM,Waxing Gibbous,90,Assam,Silchar
05:16 AM,04:41 PM,04:12 PM,03:50 AM,Waxing Gibbous,90,Assam,North Lakhimpur
05:25 AM,04:50 PM,04:52 PM,04:53 AM,Waxing Gibbous,97,Assam,Dispur
05:25 AM,04:51 PM,04:53 PM,04:54 AM,Waxing Gibbous,97,Assam,Guwahati
05:21 AM,04:46 PM,04:48 PM,04:49 AM,Waxing Gibbous,97,Assam,Tezpur
05:13 AM,04:37 PM,04:39 PM,04:41 AM,Waxing Gibbous,97,Assam,Dibrugarh
05:19 AM,04:48 PM,04:49 PM,04:49 AM,Waxing Gibbous,97,Assam,Silchar
05:16 AM,04:40 PM,04:42 PM,04:44 AM,Waxing Gibbous,97,Assam,North Lakhimpur
05:25 AM,04:50 PM,05:24 PM,05:47 AM,Full Moon,100,Assam,Dispur
05:26 AM,04:50 PM,05:24 PM,05:47 AM,Full Moon,100,Assam,Guwahati
05:22 AM,04:45 PM,05:20 PM,05:43 AM,Full Moon,100,Assam,Tezpur
05:14 AM,04:36 PM,05:10 PM,05:35 AM,Full Moon,100,Assam,Dibrugarh
05:20 AM,04:47 PM,05:22 PM,05:41 AM,Full Moon,100,Assam,Silchar
05:17 AM,04:39 PM,05:13 PM,05:38 AM,Full Moon,100,Assam,North Lakhimpur
05:26 AM,04:49 PM,05:57 PM,06:40 AM,Waxing Gibbous,88,Assam,Dispur
05:26 AM,04:49 PM,05:58 PM,06:40 AM,Waxing Gibbous,88,Assam,Guwahati
05:22 AM,04:44 PM,05:53 PM,06:36 AM,Waxing Gibbous,88,Assam,Tezpur
05:15 AM,04:35 PM,05:43 PM,06:29 AM,Waxing Gibbous,88,Assam,Dibrugarh
05:21 AM,04:46 PM,05:55 PM,06:34 AM,Waxing Gibbous,88,Assam,Silchar
05:17 AM,04:38 PM,05:46 PM,06:32 AM,Waxing Gibbous,88,Assam,North Lakhimpur
05:48 AM,05:22 PM,02:31 PM,12:37 AM,First Quarter,61,Bihar,Patna
05:48 AM,05:23 PM,02:30 PM,12:39 AM,First Quarter,61,Bihar,Gaya
05:46 AM,05:19 PM,02:28 PM,12:32 AM,First Quarter,61,Bihar,Darbhanga
05:41 AM,05:15 PM,02:22 PM,12:30 AM,First Quarter,61,Bihar,Bhagalpur
05:49 AM,05:21 PM,03:10 PM,01:39 AM,Waxing Gibbous,68,Bihar,Patna
05:49 AM,05:23 PM,03:10 PM,01:40 AM,Waxing Gibbous,68,Bihar,Gaya
05:46 AM,05:18 PM,03:08 PM,01:34 AM,Waxing Gibbous,68,Bihar,Darbhanga
05:41 AM,05:14 PM,03:02 PM,01:31 AM,Waxing Gibbous,68,Bihar,Bhagalpur
05:49 AM,05:21 PM,03:46 PM,02:37 AM,Waxing Gibbous,76,Bihar,Patna
05:49 AM,05:22 PM,03:45 PM,02:38 AM,Waxing Gibbous,76,Bihar,Gaya
05:47 AM,05:17 PM,03:43 PM,02:33 AM,Waxing Gibbous,76,Bihar,Darbhanga
05:42 AM,05:13 PM,03:38 PM,02:29 AM,Waxing Gibbous,76,Bihar,Bhagalpur
05:50 AM,05:20 PM,04:18 PM,03:34 AM,Waxing Gibbous,83,Bihar,Patna
05:50 AM,05:21 PM,04:18 PM,03:34 AM,Waxing Gibbous,83,Bihar,Gaya
05:47 AM,05:16 PM,04:15 PM,03:30 AM,Waxing Gibbous,83,Bihar,Darbhanga
05:42 AM,05:12 PM,04:10 PM,03:26 AM,Waxing Gibbous,83,Bihar,Bhagalpur
05:50 AM,05:19 PM,04:49 PM,04:27 AM,Waxing Gibbous,90,Bihar,Patna
05:50 AM,05:20 PM,04:50 PM,04:28 AM,Waxing Gibbous,90,Bihar,Gaya
05:48 AM,05:15 PM,04:46 PM,04:24 AM,Waxing Gibbous,90,Bihar,Darbhanga
05:43 AM,05:11 PM,04:41 PM,04:20 AM,Waxing Gibbous,90,Bihar,Bhagalpur
05:51 AM,05:18 PM,05:20 PM,05:21 AM,Waxing Gibbous,97,Bihar,Patna
05:51 AM,05:19 PM,05:21 PM,05:21 AM,Waxing Gibbous,97,Bihar,Gaya
05:48 AM,05:14 PM,05:17 PM,05:18 AM,Waxing Gibbous,97,Bihar,Darbhanga
05:43 AM,05:11 PM,05:13 PM,05:13 AM,Waxing Gibbous,97,Bihar,Bhagalpur
05:51 AM,05:17 PM,05:52 PM,06:14 AM,Full Moon,100,Bihar,Patna
05:51 AM,05:18 PM,05:53 PM,06:13 AM,Full Moon,100,Bihar,Gaya
05:49 AM,05:13 PM,05:48 PM,06:11 AM,Full Moon,100,Bihar,Darbhanga
05:44 AM,05:10 PM,05:45 PM,06:06 AM,Full Moon,100,Bihar,Bhagalpur
05:52 AM,05:16 PM,06:25 PM,07:07 AM,Waxing Gibbous,88,Bihar,Patna
05:52 AM,05:17 PM,06:27 PM,07:06 AM,Waxing Gibbous,88,Bihar,Gaya
05:49 AM,05:12 PM,06:21 PM,07:05 AM,Waxing Gibbous,88,Bihar,Darbhanga
05:44 AM,05:09 PM,06:18 PM,06:59 AM,Waxing Gibbous,88,Bihar,Bhagalpur
05:59 AM,05:39 PM,02:37 PM,01:00 AM,First Quarter,61,Chhattisgarh,Raipur
05:58 AM,05:37 PM,02:37 PM,12:57 AM,First Quarter,61,Chhattisgarh,Bilaspur
05:56 AM,05:34 PM,02:35 PM,12:54 AM,First Quarter,61,Chhattisgarh,Korba
05:53 AM,05:32 PM,02:31 PM,12:52 AM,First Quarter,61,Chhattisgarh,Raigarh
05:59 AM,05:39 PM,03:19 PM,02:00 AM,Waxing Gibbous,68,Chhattisgarh,Raipur
05:58 AM,05:36 PM,03:18 PM,01:56 AM,Waxing Gibbous,68,Chhattisgarh,Bilaspur
05:56 AM,05:34 PM,03:16 PM,01:54 AM,Waxing Gibbous,68,Chhattisgarh,Korba
05:53 AM,05:31 PM,03:12 PM,01:52 AM,Waxing Gibbous,68,Chhattisgarh,Raigarh
06:00 AM,05:38 PM,03:56 PM,02:56 AM,Waxing Gibbous,76,Chhattisgarh,Raipur
05:58 AM,05:35 PM,03:55 PM,02:53 AM,Waxing Gibbous,76,Chhattisgarh,Bilaspur
05:56 AM,05:33 PM,03:53 PM,02:51 AM,Waxing Gibbous,76,Chhattisgarh,Korba
05:53 AM,05:30 PM,03:49 PM,02:48 AM,Waxing Gibbous,76,Chhattisgarh,Raigarh
06:00 AM,05:37 PM,04:30 PM,03:51 AM,Waxing Gibbous,83,Chhattisgarh,Raipur
05:59 AM,05:34 PM,04:29 PM,03:48 AM,Waxing Gibbous,83,Chhattisgarh,Bilaspur
05:57 AM,05:32 PM,04:27 PM,03:46 AM,Waxing Gibbous,83,Chhattisgarh,Korba
05:54 AM,05:30 PM,04:23 PM,03:43 AM,Waxing Gibbous,83,Chhattisgarh,Raigarh
06:01 AM,05:36 PM,05:04 PM,04:42 AM,Waxing Gibbous,90,Chhattisgarh,Raipur
05:59 AM,05:34 PM,05:02 PM,04:40 AM,Waxing Gibbous,90,Chhattisgarh,Bilaspur
05:57 AM,05:31 PM,05:00 PM,04:38 AM,Waxing Gibbous,90,Chhattisgarh,Korba
05:54 AM,05:29 PM,04:57 PM,04:35 AM,Waxing Gibbous,90,Chhattisgarh,Raigarh
06:01 AM,05:36 PM,05:37 PM,05:34 AM,Waxing Gibbous,97,Chhattisgarh,Raipur
06:00 AM,05:33 PM,05:35 PM,05:32 AM,Waxing Gibbous,97,Chhattisgarh,Bilaspur
05:58 AM,05:30 PM,05:32 PM,05:30 AM,Waxing Gibbous,97,Chhattisgarh,Korba
05:55 AM,05:28 PM,05:30 PM,05:27 AM,Waxing Gibbous,97,Chhattisgarh,Raigarh
06:01 AM,05:35 PM,06:11 PM,06:24 AM,Full Moon,100,Chhattisgarh,Raipur
06:00 AM,05:32 PM,06:08 PM,06:23 AM,Full Moon,100,Chhattisgarh,Bilaspur
05:58 AM,05:30 PM,06:05 PM,06:21 AM,Full Moon,100,Chhattisgarh,Korba
05:55 AM,05:27 PM,06:03 PM,06:17 AM,Full Moon,100,Chhattisgarh,Raigarh
06:02 AM,05:34 PM,06:46 PM,07:16 AM,Waxing Gibbous,88,Chhattisgarh,Raipur
06:00 AM,05:31 PM,06:43 PM,07:15 AM,Waxing Gibbous,88,Chhattisgarh,Bilaspur
05:59 AM,05:29 PM,06:40 PM,07:13 AM,Waxing Gibbous,88,Chhattisgarh,Korba
05:55 AM,05:26 PM,06:38 PM,07:09 AM,Waxing Gibbous,88,Chhattisgarh,Raigarh
06:26 AM,06:14 PM,03:00 PM,01:44 AM,First Quarter,61,Goa,Panaji
06:26 AM,06:14 PM,03:00 PM,01:44 AM,First Quarter,61,Goa,Vasco-da-Gama
06:26 AM,06:13 PM,02:59 PM,01:43 AM,First Quarter,61,Goa,Ponda
06:26 AM,06:14 PM,02:59 PM,01:44 AM,First Quarter,61,Goa,Margao
05:36 AM,05:27 PM,02:00 PM,12:51 AM,First Quarter,61,Goa,Mapusa
06:26 AM,06:14 PM,03:00 PM,01:44 AM,First Quarter,61,Goa,Goa Velha
06:26 AM,06:13 PM,03:44 PM,02:40 AM,Waxing Gibbous,68,Goa,Panaji
06:26 AM,06:13 PM,03:44 PM,02:41 AM,Waxing Gibbous,68,Goa,Vasco-da-Gama
06:26 AM,06:13 PM,03:43 PM,02:40 AM,Waxing Gibbous,68,Goa,Ponda
06:26 AM,06:13 PM,03:43 PM,02:40 AM,Waxing Gibbous,68,Goa,Margao
05:36 AM,05:27 PM,02:45 PM,01:48 AM,Waxing Gibbous,68,Goa,Mapusa
06:26 AM,06:13 PM,03:44 PM,02:40 AM,Waxing Gibbous,68,Goa,Goa Velha
06:27 AM,06:13 PM,04:23 PM,03:35 AM,Waxing Gibbous,76,Goa,Panaji
06:27 AM,06:13 PM,04:23 PM,03:35 AM,Waxing Gibbous,76,Goa,Vasco-da-Gama
06:26 AM,06:12 PM,04:23 PM,03:34 AM,Waxing Gibbous,76,Goa,Ponda
06:26 AM,06:12 PM,04:23 PM,03:34 AM,Waxing Gibbous,76,Goa,Margao
05:36 AM,05:26 PM,03:27 PM,02:41 AM,Waxing Gibbous,76,Goa,Mapusa
06:27 AM,06:13 PM,04:23 PM,03:35 AM,Waxing Gibbous,76,Goa,Goa Velha
06:27 AM,06:12 PM,05:01 PM,04:26 AM,Waxing Gibbous,83,Goa,Panaji
06:27 AM,06:12 PM,05:01 PM,04:26 AM,Waxing Gibbous,83,Goa,Vasco-da-Gama
06:26 AM,06:11 PM,05:00 PM,04:25 AM,Waxing Gibbous,83,Goa,Ponda
06:26 AM,06:12 PM,05:00 PM,04:25 AM,Waxing Gibbous,83,Goa,Margao
05:36 AM,05:26 PM,04:06 PM,03:32 AM,Waxing Gibbous,83,Goa,Mapusa
06:27 AM,06:12 PM,05:01 PM,04:26 AM,Waxing Gibbous,83,Goa,Goa Velha
06:27 AM,06:12 PM,05:37 PM,05:15 AM,Waxing Gibbous,90,Goa,Panaji
06:27 AM,06:12 PM,05:37 PM,05:15 AM,Waxing Gibbous,90,Goa,Vasco-da-Gama
06:26 AM,06:11 PM,05:36 PM,05:15 AM,Waxing Gibbous,90,Goa,Ponda
06:27 AM,06:11 PM,05:36 PM,05:15 AM,Waxing Gibbous,90,Goa,Margao
05:37 AM,05:25 PM,04:43 PM,04:20 AM,Waxing Gibbous,90,Goa,Mapusa
06:27 AM,06:11 PM,05:37 PM,05:15 AM,Waxing Gibbous,90,Goa,Goa Velha
06:27 AM,06:11 PM,06:12 PM,06:04 AM,Waxing Gibbous,97,Goa,Panaji
06:27 AM,06:11 PM,06:12 PM,06:04 AM,Waxing Gibbous,97,Goa,Vasco-da-Gama
06:27 AM,06:10 PM,06:11 PM,06:03 AM,Waxing Gibbous,97,Goa,Ponda
06:27 AM,06:11 PM,06:12 PM,06:03 AM,Waxing Gibbous,97,Goa,Margao
05:37 AM,05:25 PM,05:20 PM,05:07 AM,Waxing Gibbous,97,Goa,Mapusa
06:27 AM,06:11 PM,06:12 PM,06:04 AM,Waxing Gibbous,97,Goa,Goa Velha
06:28 AM,06:10 PM,06:48 PM,06:52 AM,Full Moon,100,Goa,Panaji
06:28 AM,06:10 PM,06:48 PM,06:52 AM,Full Moon,100,Goa,Vasco-da-Gama
06:27 AM,06:10 PM,06:48 PM,06:51 AM,Full Moon,100,Goa,Ponda
06:27 AM,06:10 PM,06:48 PM,06:51 AM,Full Moon,100,Goa,Margao
05:37 AM,05:24 PM,05:57 PM,05:54 AM,Full Moon,100,Goa,Mapusa
06:27 AM,06:10 PM,06:48 PM,06:52 AM,Full Moon,100,Goa,Goa Velha
06:28 AM,06:10 PM,07:27 PM,07:41 AM,Waxing Gibbous,88,Goa,Panaji
06:28 AM,06:10 PM,07:27 PM,07:41 AM,Waxing Gibbous,88,Goa,Vasco-da-Gama
06:27 AM,06:09 PM,07:26 PM,07:40 AM,Waxing Gibbous,88,Goa,Ponda
06:27 AM,06:10 PM,07:26 PM,07:40 AM,Waxing Gibbous,88,Goa,Margao
05:37 AM,05:24 PM,06:36 PM,06:42 AM,Waxing Gibbous,88,Goa,Mapusa
06:28 AM,06:10 PM,07:27 PM,07:41 AM,Waxing Gibbous,88,Goa,Goa Velha
06:36 AM,06:13 PM,03:18 PM,01:34 AM,First Quarter,61,Gujarat,Gandhinagar
06:36 AM,06:14 PM,03:18 PM,01:35 AM,First Quarter,61,Gujarat,Ahmedabad
06:34 AM,06:14 PM,03:13 PM,01:38 AM,First Quarter,61,Gujarat,Surat
06:43 AM,06:22 PM,03:24 PM,01:44 AM,First Quarter,61,Gujarat,Rajkot
06:44 AM,06:23 PM,03:24 PM,01:47 AM,First Quarter,61,Gujarat,Junagadh
06:33 AM,06:12 PM,03:14 PM,01:34 AM,First Quarter,61,Gujarat,Vadodara
06:36 AM,06:13 PM,03:58 PM,02:34 AM,Waxing Gibbous,68,Gujarat,Gandhinagar
06:37 AM,06:13 PM,03:58 PM,02:34 AM,Waxing Gibbous,68,Gujarat,Ahmedabad
06:34 AM,06:13 PM,03:54 PM,02:36 AM,Waxing Gibbous,68,Gujarat,Surat
06:43 AM,06:21 PM,04:05 PM,02:43 AM,Waxing Gibbous,68,Gujarat,Rajkot
06:44 AM,06:23 PM,04:05 PM,02:46 AM,Waxing Gibbous,68,Gujarat,Junagadh
06:34 AM,06:11 PM,03:55 PM,02:33 AM,Waxing Gibbous,68,Gujarat,Vadodara
06:37 AM,06:12 PM,04:34 PM,03:32 AM,Waxing Gibbous,76,Gujarat,Gandhinagar
06:37 AM,06:12 PM,04:34 PM,03:32 AM,Waxing Gibbous,76,Gujarat,Ahmedabad
06:34 AM,06:13 PM,04:31 PM,03:33 AM,Waxing Gibbous,76,Gujarat,Surat
06:44 AM,06:20 PM,04:41 PM,03:41 AM,Waxing Gibbous,76,Gujarat,Rajkot
06:45 AM,06:22 PM,04:42 PM,03:43 AM,Waxing Gibbous,76,Gujarat,Junagadh
06:34 AM,06:10 PM,04:31 PM,03:30 AM,Waxing Gibbous,76,Gujarat,Vadodara
06:37 AM,06:11 PM,05:08 PM,04:26 AM,Waxing Gibbous,83,Gujarat,Gandhinagar
06:37 AM,06:11 PM,05:08 PM,04:26 AM,Waxing Gibbous,83,Gujarat,Ahmedabad
06:35 AM,06:12 PM,05:06 PM,04:26 AM,Waxing Gibbous,83,Gujarat,Surat
06:44 AM,06:19 PM,05:16 PM,04:35 AM,Waxing Gibbous,83,Gujarat,Rajkot
06:45 AM,06:21 PM,05:17 PM,04:36 AM,Waxing Gibbous,83,Gujarat,Junagadh
06:34 AM,06:10 PM,05:06 PM,04:24 AM,Waxing Gibbous,83,Gujarat,Vadodara
06:38 AM,06:10 PM,05:41 PM,05:20 AM,Waxing Gibbous,90,Gujarat,Gandhinagar
06:38 AM,06:10 PM,05:41 PM,05:20 AM,Waxing Gibbous,90,Gujarat,Ahmedabad
06:35 AM,06:11 PM,05:40 PM,05:19 AM,Waxing Gibbous,90,Gujarat,Surat
06:45 AM,06:18 PM,05:48 PM,05:28 AM,Waxing Gibbous,90,Gujarat,Rajkot
06:45 AM,06:20 PM,05:50 PM,05:29 AM,Waxing Gibbous,90,Gujarat,Junagadh
06:35 AM,06:09 PM,05:39 PM,05:18 AM,Waxing Gibbous,90,Gujarat,Vadodara
06:38 AM,06:09 PM,06:12 PM,06:11 AM,Waxing Gibbous,97,Gujarat,Gandhinagar
06:38 AM,06:10 PM,06:13 PM,06:11 AM,Waxing Gibbous,97,Gujarat,Ahmedabad
06:35 AM,06:10 PM,06:13 PM,06:10 AM,Waxing Gibbous,97,Gujarat,Surat
06:45 AM,06:18 PM,06:20 PM,06:19 AM,Waxing Gibbous,97,Gujarat,Rajkot
06:46 AM,06:19 PM,06:22 PM,06:20 AM,Waxing Gibbous,97,Gujarat,Junagadh
06:35 AM,06:08 PM,06:11 PM,06:09 AM,Waxing Gibbous,97,Gujarat,Vadodara
06:39 AM,06:08 PM,06:45 PM,07:03 AM,Full Moon,100,Gujarat,Gandhinagar
06:39 AM,06:09 PM,06:46 PM,07:03 AM,Full Moon,100,Gujarat,Ahmedabad
06:36 AM,06:10 PM,06:47 PM,07:00 AM,Full Moon,100,Gujarat,Surat
06:46 AM,06:17 PM,06:54 PM,07:10 AM,Full Moon,100,Gujarat,Rajkot
06:46 AM,06:19 PM,06:56 PM,07:11 AM,Full Moon,100,Gujarat,Junagadh
06:36 AM,06:07 PM,06:44 PM,07:00 AM,Full Moon,100,Gujarat,Vadodara
06:39 AM,06:08 PM,07:20 PM,07:55 AM,Waxing Gibbous,88,Gujarat,Gandhinagar
06:39 AM,06:08 PM,07:21 PM,07:55 AM,Waxing Gibbous,88,Gujarat,Ahmedabad
06:36 AM,06:09 PM,07:23 PM,07:52 AM,Waxing Gibbous,88,Gujarat,Surat
06:46 AM,06:16 PM,07:30 PM,08:02 AM,Waxing Gibbous,88,Gujarat,Rajkot
06:47 AM,06:18 PM,07:32 PM,08:02 AM,Waxing Gibbous,88,Gujarat,Junagadh
06:36 AM,06:07 PM,07:20 PM,07:52 AM,Waxing Gibbous,88,Gujarat,Vadodara
06:25 AM,05:52 PM,03:15 PM,01:01 AM,First Quarter,61,Haryana,Chandigarh
06:21 AM,05:51 PM,03:08 PM,01:04 AM,First Quarter,61,Haryana,Faridabad
06:22 AM,05:53 PM,03:09 PM,01:05 AM,First Quarter,61,Haryana,Gurgaon
06:23 AM,05:52 PM,03:11 PM,01:04 AM,First Quarter,61,Haryana,Sonipat
06:23 AM,05:52 PM,03:12 PM,01:03 AM,First Quarter,61,Haryana,Panipat
06:25 AM,05:52 PM,03:14 PM,01:02 AM,First Quarter,61,Haryana,Ambala
06:26 AM,05:51 PM,03:52 PM,02:04 AM,Waxing Gibbous,68,Haryana,Chandigarh
06:22 AM,05:50 PM,03:46 PM,02:06 AM,Waxing Gibbous,68,Haryana,Faridabad
06:23 AM,05:52 PM,03:47 PM,02:07 AM,Waxing Gibbous,68,Haryana,Gurgaon
06:23 AM,05:51 PM,03:48 PM,02:06 AM,Waxing Gibbous,68,Haryana,Sonipat
06:24 AM,05:51 PM,03:49 PM,02:06 AM,Waxing Gibbous,68,Haryana,Panipat
06:25 AM,05:51 PM,03:51 PM,02:05 AM,Waxing Gibbous,68,Haryana,Ambala
06:26 AM,05:50 PM,04:24 PM,03:06 AM,Waxing Gibbous,76,Haryana,Chandigarh
06:22 AM,05:49 PM,04:20 PM,03:06 AM,Waxing Gibbous,76,Haryana,Faridabad
06:23 AM,05:51 PM,04:21 PM,03:07 AM,Waxing Gibbous,76,Haryana,Gurgaon
06:24 AM,05:50 PM,04:21 PM,03:07 AM,Waxing Gibbous,76,Haryana,Sonipat
06:24 AM,05:50 PM,04:22 PM,03:07 AM,Waxing Gibbous,76,Haryana,Panipat
06:26 AM,05:50 PM,04:23 PM,03:06 AM,Waxing Gibbous,76,Haryana,Ambala
06:27 AM,05:49 PM,04:54 PM,04:04 AM,Waxing Gibbous,83,Haryana,Chandigarh
06:23 AM,05:48 PM,04:51 PM,04:04 AM,Waxing Gibbous,83,Haryana,Faridabad
06:24 AM,05:50 PM,04:52 PM,04:05 AM,Waxing Gibbous,83,Haryana,Gurgaon
06:25 AM,05:49 PM,04:52 PM,04:05 AM,Waxing Gibbous,83,Haryana,Sonipat
06:25 AM,05:49 PM,04:53 PM,04:05 AM,Waxing Gibbous,83,Haryana,Panipat
06:27 AM,05:49 PM,04:54 PM,04:05 AM,Waxing Gibbous,83,Haryana,Ambala
06:28 AM,05:47 PM,05:23 PM,05:02 AM,Waxing Gibbous,90,Haryana,Chandigarh
06:24 AM,05:47 PM,05:21 PM,05:00 AM,Waxing Gibbous,90,Haryana,Faridabad
06:25 AM,05:49 PM,05:22 PM,05:01 AM,Waxing Gibbous,90,Haryana,Gurgaon
06:25 AM,05:48 PM,05:22 PM,05:01 AM,Waxing Gibbous,90,Haryana,Sonipat
06:26 AM,05:48 PM,05:22 PM,05:01 AM,Waxing Gibbous,90,Haryana,Panipat
06:27 AM,05:48 PM,05:23 PM,05:02 AM,Waxing Gibbous,90,Haryana,Ambala
06:28 AM,05:46 PM,05:51 PM,05:58 AM,Waxing Gibbous,97,Haryana,Chandigarh
06:24 AM,05:46 PM,05:50 PM,05:54 AM,Waxing Gibbous,97,Haryana,Faridabad
06:25 AM,05:48 PM,05:51 PM,05:56 AM,Waxing Gibbous,97,Haryana,Gurgaon
06:26 AM,05:47 PM,05:51 PM,05:56 AM,Waxing Gibbous,97,Haryana,Sonipat
06:26 AM,05:47 PM,05:51 PM,05:56 AM,Waxing Gibbous,97,Haryana,Panipat
06:28 AM,05:47 PM,05:51 PM,05:58 AM,Waxing Gibbous,97,Haryana,Ambala
06:29 AM,05:45 PM,06:20 PM,06:53 AM,Full Moon,100,Haryana,Chandigarh
06:25 AM,05:46 PM,06:20 PM,06:49 AM,Full Moon,100,Haryana,Faridabad
06:26 AM,05:47 PM,06:21 PM,06:50 AM,Full Moon,100,Haryana,Gurgaon
06:27 AM,05:46 PM,06:21 PM,06:50 AM,Full Moon,100,Haryana,Sonipat
06:27 AM,05:46 PM,06:21 PM,06:51 AM,Full Moon,100,Haryana,Panipat
06:29 AM,05:46 PM,06:20 PM,06:53 AM,Full Moon,100,Haryana,Ambala
06:30 AM,05:44 PM,06:51 PM,07:49 AM,Waxing Gibbous,88,Haryana,Chandigarh
06:25 AM,05:45 PM,06:53 PM,07:44 AM,Waxing Gibbous,88,Haryana,Faridabad
06:27 AM,05:46 PM,06:54 PM,07:45 AM,Waxing Gibbous,88,Haryana,Gurgaon
06:27 AM,05:45 PM,06:53 PM,07:46 AM,Waxing Gibbous,88,Haryana,Sonipat
06:28 AM,05:45 PM,06:53 PM,07:46 AM,Waxing Gibbous,88,Haryana,Panipat
06:30 AM,05:45 PM,06:52 PM,07:49 AM,Waxing Gibbous,88,Haryana,Ambala
06:24 AM,05:50 PM,03:14 PM,12:58 AM,First Quarter,61,Himachal Pradesh,Shimla
06:10 AM,05:34 PM,03:02 PM,12:40 AM,First Quarter,61,Himachal Pradesh,Mandi
06:24 AM,05:50 PM,03:14 PM,12:59 AM,First Quarter,61,Himachal Pradesh,Solan
05:58 AM,05:37 PM,02:37 PM,12:57 AM,First Quarter,61,Himachal Pradesh,Bilaspur
07:12 AM,06:50 PM,04:10 PM,02:38 AM,First Quarter,61,Himachal Pradesh,Chamba
06:24 AM,05:49 PM,03:51 PM,02:02 AM,Waxing Gibbous,68,Himachal Pradesh,Shimla
06:10 AM,05:32 PM,03:38 PM,01:45 AM,Waxing Gibbous,68,Himachal Pradesh,Mandi
06:24 AM,05:49 PM,03:51 PM,02:03 AM,Waxing Gibbous,68,Himachal Pradesh,Solan
05:58 AM,05:36 PM,03:18 PM,01:56 AM,Waxing Gibbous,68,Himachal Pradesh,Bilaspur
07:13 AM,06:49 PM,04:49 PM,03:37 AM,Waxing Gibbous,68,Himachal Pradesh,Chamba
06:25 AM,05:48 PM,04:23 PM,03:04 AM,Waxing Gibbous,76,Himachal Pradesh,Shimla
06:11 AM,05:31 PM,04:09 PM,02:47 AM,Waxing Gibbous,76,Himachal Pradesh,Mandi
06:25 AM,05:48 PM,04:23 PM,03:04 AM,Waxing Gibbous,76,Himachal Pradesh,Solan
05:58 AM,05:35 PM,03:55 PM,02:53 AM,Waxing Gibbous,76,Himachal Pradesh,Bilaspur
07:13 AM,06:49 PM,05:25 PM,04:32 AM,Waxing Gibbous,76,Himachal Pradesh,Chamba
06:26 AM,05:47 PM,04:52 PM,04:03 AM,Waxing Gibbous,83,Himachal Pradesh,Shimla
06:12 AM,05:30 PM,04:38 PM,03:47 AM,Waxing Gibbous,83,Himachal Pradesh,Mandi
06:26 AM,05:47 PM,04:53 PM,04:03 AM,Waxing Gibbous,83,Himachal Pradesh,Solan
05:59 AM,05:34 PM,04:29 PM,03:48 AM,Waxing Gibbous,83,Himachal Pradesh,Bilaspur
07:13 AM,06:48 PM,05:58 PM,05:26 AM,Waxing Gibbous,83,Himachal Pradesh,Chamba
06:27 AM,05:46 PM,05:21 PM,05:00 AM,Waxing Gibbous,90,Himachal Pradesh,Shimla
06:13 AM,05:29 PM,05:06 PM,04:45 AM,Waxing Gibbous,90,Himachal Pradesh,Mandi
06:27 AM,05:46 PM,05:21 PM,05:00 AM,Waxing Gibbous,90,Himachal Pradesh,Solan
05:59 AM,05:34 PM,05:02 PM,04:40 AM,Waxing Gibbous,90,Himachal Pradesh,Bilaspur
07:14 AM,06:47 PM,06:30 PM,06:17 AM,Waxing Gibbous,90,Himachal Pradesh,Chamba
06:27 AM,05:45 PM,05:49 PM,05:56 AM,Waxing Gibbous,97,Himachal Pradesh,Shimla
06:13 AM,05:28 PM,05:33 PM,05:42 AM,Waxing Gibbous,97,Himachal Pradesh,Mandi
06:27 AM,05:45 PM,05:49 PM,05:56 AM,Waxing Gibbous,97,Himachal Pradesh,Solan
06:00 AM,05:33 PM,05:35 PM,05:32 AM,Waxing Gibbous,97,Himachal Pradesh,Bilaspur
07:14 AM,06:46 PM,07:03 PM,07:09 AM,Waxing Gibbous,97,Himachal Pradesh,Chamba
06:28 AM,05:43 PM,06:18 PM,06:52 AM,Full Moon,100,Himachal Pradesh,Shimla
06:14 AM,05:27 PM,06:01 PM,06:39 AM,Full Moon,100,Himachal Pradesh,Mandi
06:28 AM,05:44 PM,06:18 PM,06:52 AM,Full Moon,100,Himachal Pradesh,Solan
06:00 AM,05:32 PM,06:08 PM,06:23 AM,Full Moon,100,Himachal Pradesh,Bilaspur
07:15 AM,06:45 PM,07:38 PM,08:00 AM,Full Moon,100,Himachal Pradesh,Chamba
06:29 AM,05:42 PM,06:49 PM,07:48 AM,Waxing Gibbous,88,Himachal Pradesh,Shimla
06:15 AM,05:26 PM,06:31 PM,07:36 AM,Waxing Gibbous,88,Himachal Pradesh,Mandi
06:29 AM,05:43 PM,06:50 PM,07:48 AM,Waxing Gibbous,88,Himachal Pradesh,Solan
06:00 AM,05:31 PM,06:43 PM,07:15 AM,Waxing Gibbous,88,Himachal Pradesh,Bilaspur
07:15 AM,06:45 PM,08:14 PM,08:52 AM,Waxing Gibbous,88,Himachal Pradesh,Chamba
05:46 AM,05:23 PM,02:26 PM,12:41 AM,First Quarter,61,Jharkhand,Ranchi
05:44 AM,05:20 PM,02:24 PM,12:37 AM,First Quarter,61,Jharkhand,Bokaro Steel City
05:42 AM,05:20 PM,02:21 PM,12:38 AM,First Quarter,61,Jharkhand,Jamshedpur
05:53 AM,05:30 PM,02:34 PM,12:45 AM,First Quarter,61,Jharkhand,Deoghar
05:46 AM,05:23 PM,02:27 PM,12:39 AM,First Quarter,61,Jharkhand,Hazaribagh
05:42 AM,05:18 PM,02:22 PM,12:35 AM,First Quarter,61,Jharkhand,Dhanbad
05:46 AM,05:22 PM,03:06 PM,01:41 AM,Waxing Gibbous,68,Jharkhand,Ranchi
05:44 AM,05:19 PM,03:04 PM,01:38 AM,Waxing Gibbous,68,Jharkhand,Bokaro Steel City
05:43 AM,05:19 PM,03:02 PM,01:39 AM,Waxing Gibbous,68,Jharkhand,Jamshedpur
05:54 AM,05:29 PM,03:14 PM,01:46 AM,Waxing Gibbous,68,Jharkhand,Deoghar
05:47 AM,05:22 PM,03:07 PM,01:40 AM,Waxing Gibbous,68,Jharkhand,Hazaribagh
05:42 AM,05:17 PM,03:02 PM,01:36 AM,Waxing Gibbous,68,Jharkhand,Dhanbad
05:47 AM,05:21 PM,03:43 PM,02:38 AM,Waxing Gibbous,76,Jharkhand,Ranchi
05:45 AM,05:19 PM,03:41 PM,02:35 AM,Waxing Gibbous,76,Jharkhand,Bokaro Steel City
05:43 AM,05:18 PM,03:39 PM,02:36 AM,Waxing Gibbous,76,Jharkhand,Jamshedpur
05:54 AM,05:28 PM,03:50 PM,02:44 AM,Waxing Gibbous,76,Jharkhand,Deoghar
05:47 AM,05:21 PM,03:43 PM,02:38 AM,Waxing Gibbous,76,Jharkhand,Hazaribagh
05:43 AM,05:17 PM,03:39 PM,02:33 AM,Waxing Gibbous,76,Jharkhand,Dhanbad
05:47 AM,05:21 PM,04:16 PM,03:34 AM,Waxing Gibbous,83,Jharkhand,Ranchi
05:45 AM,05:18 PM,04:14 PM,03:31 AM,Waxing Gibbous,83,Jharkhand,Bokaro Steel City
05:43 AM,05:18 PM,04:12 PM,03:31 AM,Waxing Gibbous,83,Jharkhand,Jamshedpur
05:55 AM,05:27 PM,04:23 PM,03:40 AM,Waxing Gibbous,83,Jharkhand,Deoghar
05:48 AM,05:20 PM,04:16 PM,03:34 AM,Waxing Gibbous,83,Jharkhand,Hazaribagh
05:43 AM,05:16 PM,04:12 PM,03:29 AM,Waxing Gibbous,83,Jharkhand,Dhanbad
05:48 AM,05:20 PM,04:48 PM,04:27 AM,Waxing Gibbous,90,Jharkhand,Ranchi
05:45 AM,05:17 PM,04:46 PM,04:24 AM,Waxing Gibbous,90,Jharkhand,Bokaro Steel City
05:44 AM,05:17 PM,04:45 PM,04:23 AM,Waxing Gibbous,90,Jharkhand,Jamshedpur
05:55 AM,05:26 PM,04:55 PM,04:33 AM,Waxing Gibbous,90,Jharkhand,Deoghar
05:48 AM,05:19 PM,04:48 PM,04:27 AM,Waxing Gibbous,90,Jharkhand,Hazaribagh
05:44 AM,05:15 PM,04:44 PM,04:22 AM,Waxing Gibbous,90,Jharkhand,Dhanbad
05:48 AM,05:19 PM,05:21 PM,05:19 AM,Waxing Gibbous,97,Jharkhand,Ranchi
05:46 AM,05:16 PM,05:18 PM,05:17 AM,Waxing Gibbous,97,Jharkhand,Bokaro Steel City
05:44 AM,05:16 PM,05:18 PM,05:16 AM,Waxing Gibbous,97,Jharkhand,Jamshedpur
05:56 AM,05:25 PM,05:27 PM,05:26 AM,Waxing Gibbous,97,Jharkhand,Deoghar
05:49 AM,05:18 PM,05:20 PM,05:19 AM,Waxing Gibbous,97,Jharkhand,Hazaribagh
05:44 AM,05:14 PM,05:16 PM,05:15 AM,Waxing Gibbous,97,Jharkhand,Dhanbad
05:49 AM,05:18 PM,05:54 PM,06:11 AM,Full Moon,100,Jharkhand,Ranchi
05:46 AM,05:15 PM,05:51 PM,06:09 AM,Full Moon,100,Jharkhand,Bokaro Steel City
05:45 AM,05:15 PM,05:51 PM,06:07 AM,Full Moon,100,Jharkhand,Jamshedpur
05:56 AM,05:24 PM,05:59 PM,06:18 AM,Full Moon,100,Jharkhand,Deoghar
05:49 AM,05:18 PM,05:53 PM,06:11 AM,Full Moon,100,Jharkhand,Hazaribagh
05:45 AM,05:13 PM,05:49 PM,06:07 AM,Full Moon,100,Jharkhand,Dhanbad
05:49 AM,05:17 PM,06:28 PM,07:03 AM,Waxing Gibbous,88,Jharkhand,Ranchi
05:47 AM,05:14 PM,06:25 PM,07:01 AM,Waxing Gibbous,88,Jharkhand,Bokaro Steel City
05:45 AM,05:14 PM,06:25 PM,06:59 AM,Waxing Gibbous,88,Jharkhand,Jamshedpur
05:57 AM,05:24 PM,06:33 PM,07:11 AM,Waxing Gibbous,88,Jharkhand,Deoghar
05:50 AM,05:17 PM,06:27 PM,07:04 AM,Waxing Gibbous,88,Jharkhand,Hazaribagh
05:45 AM,05:12 PM,06:23 PM,06:59 AM,Waxing Gibbous,88,Jharkhand,Dhanbad
06:10 AM,06:01 PM,02:41 PM,01:33 AM,First Quarter,61,Karnataka,Bengaluru
06:13 AM,06:05 PM,02:44 PM,01:38 AM,First Quarter,61,Karnataka,Mysore
06:17 AM,06:06 PM,02:50 PM,01:37 AM,First Quarter,61,Karnataka,Davangere
06:21 AM,06:12 PM,02:52 PM,01:44 AM,First Quarter,61,Karnataka,Mangalore
06:22 AM,06:09 PM,02:55 PM,01:39 AM,First Quarter,61,Karnataka,Hubli-Dharwad
06:24 AM,06:11 PM,02:58 PM,01:40 AM,First Quarter,61,Karnataka,Belgaum
06:10 AM,06:00 PM,03:26 PM,02:28 AM,Waxing Gibbous,68,Karnataka,Bengaluru
06:13 AM,06:04 PM,03:29 PM,02:33 AM,Waxing Gibbous,68,Karnataka,Mysore
06:18 AM,06:06 PM,03:34 PM,02:33 AM,Waxing Gibbous,68,Karnataka,Davangere
06:21 AM,06:11 PM,03:37 PM,02:40 AM,Waxing Gibbous,68,Karnataka,Mangalore
06:22 AM,06:09 PM,03:39 PM,02:35 AM,Waxing Gibbous,68,Karnataka,Hubli-Dharwad
06:24 AM,06:10 PM,03:42 PM,02:37 AM,Waxing Gibbous,68,Karnataka,Belgaum
06:10 AM,06:00 PM,04:06 PM,03:22 AM,Waxing Gibbous,76,Karnataka,Bengaluru
06:13 AM,06:04 PM,04:10 PM,03:26 AM,Waxing Gibbous,76,Karnataka,Mysore
06:18 AM,06:05 PM,04:14 PM,03:27 AM,Waxing Gibbous,76,Karnataka,Davangere
06:21 AM,06:11 PM,04:17 PM,03:33 AM,Waxing Gibbous,76,Karnataka,Mangalore
06:22 AM,06:08 PM,04:18 PM,03:30 AM,Waxing Gibbous,76,Karnataka,Hubli-Dharwad
06:24 AM,06:10 PM,04:21 PM,03:32 AM,Waxing Gibbous,76,Karnataka,Belgaum
06:10 AM,05:59 PM,04:45 PM,04:11 AM,Waxing Gibbous,83,Karnataka,Bengaluru
06:13 AM,06:03 PM,04:48 PM,04:16 AM,Waxing Gibbous,83,Karnataka,Mysore
06:18 AM,06:05 PM,04:52 PM,04:18 AM,Waxing Gibbous,83,Karnataka,Davangere
06:21 AM,06:10 PM,04:56 PM,04:23 AM,Waxing Gibbous,83,Karnataka,Mangalore
06:22 AM,06:07 PM,04:56 PM,04:21 AM,Waxing Gibbous,83,Karnataka,Hubli-Dharwad
06:25 AM,06:09 PM,04:58 PM,04:23 AM,Waxing Gibbous,83,Karnataka,Belgaum
06:10 AM,05:59 PM,05:22 PM,05:00 AM,Waxing Gibbous,90,Karnataka,Bengaluru
06:14 AM,06:03 PM,05:26 PM,05:04 AM,Waxing Gibbous,90,Karnataka,Mysore
06:18 AM,06:04 PM,05:28 PM,05:07 AM,Waxing Gibbous,90,Karnataka,Davangere
06:21 AM,06:10 PM,05:33 PM,05:12 AM,Waxing Gibbous,90,Karnataka,Mangalore
06:22 AM,06:07 PM,05:32 PM,05:11 AM,Waxing Gibbous,90,Karnataka,Hubli-Dharwad
06:25 AM,06:09 PM,05:34 PM,05:13 AM,Waxing Gibbous,90,Karnataka,Belgaum
06:11 AM,05:58 PM,05:58 PM,05:48 AM,Waxing Gibbous,97,Karnataka,Bengaluru
06:14 AM,06:02 PM,06:02 PM,05:51 AM,Waxing Gibbous,97,Karnataka,Mysore
06:18 AM,06:04 PM,06:04 PM,05:55 AM,Waxing Gibbous,97,Karnataka,Davangere
06:21 AM,06:09 PM,06:09 PM,05:59 AM,Waxing Gibbous,97,Karnataka,Mangalore
06:23 AM,06:06 PM,06:07 PM,05:59 AM,Waxing Gibbous,97,Karnataka,Hubli-Dharwad
06:25 AM,06:08 PM,06:09 PM,06:01 AM,Waxing Gibbous,97,Karnataka,Belgaum
06:11 AM,05:58 PM,06:35 PM,06:34 AM,Full Moon,100,Karnataka,Bengaluru
06:14 AM,06:02 PM,06:40 PM,06:38 AM,Full Moon,100,Karnataka,Mysore
06:18 AM,06:03 PM,06:41 PM,06:43 AM,Full Moon,100,Karnataka,Davangere
06:22 AM,06:09 PM,06:47 PM,06:46 AM,Full Moon,100,Karnataka,Mangalore
06:23 AM,06:06 PM,06:44 PM,06:47 AM,Full Moon,100,Karnataka,Hubli-Dharwad
06:25 AM,06:07 PM,06:45 PM,06:50 AM,Full Moon,100,Karnataka,Belgaum
06:11 AM,05:57 PM,07:15 PM,07:23 AM,Waxing Gibbous,88,Karnataka,Bengaluru
06:14 AM,06:01 PM,07:19 PM,07:26 AM,Waxing Gibbous,88,Karnataka,Mysore
06:19 AM,06:02 PM,07:19 PM,07:31 AM,Waxing Gibbous,88,Karnataka,Davangere
06:22 AM,06:08 PM,07:26 PM,07:34 AM,Waxing Gibbous,88,Karnataka,Mangalore
06:23 AM,06:05 PM,07:22 PM,07:36 AM,Waxing Gibbous,88,Karnataka,Hubli-Dharwad
06:25 AM,06:07 PM,07:23 PM,07:39 AM,Waxing Gibbous,88,Karnataka,Belgaum
06:10 AM,06:06 PM,02:36 PM,01:43 AM,First Quarter,61,Kerala,Thiruvananthapuram
06:13 AM,06:08 PM,02:42 PM,01:43 AM,First Quarter,61,Kerala,Kochi
06:16 AM,06:09 PM,02:46 PM,01:43 AM,First Quarter,61,Kerala,Kozhikode
06:14 AM,06:08 PM,02:43 PM,01:43 AM,First Quarter,61,Kerala,Thrissur
06:15 AM,06:08 PM,02:44 PM,01:42 AM,First Quarter,61,Kerala,Malappuram
06:10 AM,06:06 PM,03:23 PM,02:37 AM,Waxing Gibbous,68,Kerala,Thiruvananthapuram
06:13 AM,06:07 PM,03:28 PM,02:38 AM,Waxing Gibbous,68,Kerala,Kochi
06:16 AM,06:08 PM,03:31 PM,02:38 AM,Waxing Gibbous,68,Kerala,Kozhikode
06:14 AM,06:07 PM,03:29 PM,02:37 AM,Waxing Gibbous,68,Kerala,Thrissur
06:15 AM,06:07 PM,03:30 PM,02:37 AM,Waxing Gibbous,68,Kerala,Malappuram
06:10 AM,06:05 PM,04:06 PM,03:28 AM,Waxing Gibbous,76,Kerala,Thiruvananthapuram
06:13 AM,06:07 PM,04:10 PM,03:30 AM,Waxing Gibbous,76,Kerala,Kochi
06:16 AM,06:08 PM,04:12 PM,03:31 AM,Waxing Gibbous,76,Kerala,Kozhikode
06:14 AM,06:07 PM,04:10 PM,03:30 AM,Waxing Gibbous,76,Kerala,Thrissur
06:15 AM,06:07 PM,04:11 PM,03:30 AM,Waxing Gibbous,76,Kerala,Malappuram
06:10 AM,06:05 PM,04:46 PM,04:16 AM,Waxing Gibbous,83,Kerala,Thiruvananthapuram
06:13 AM,06:07 PM,04:49 PM,04:19 AM,Waxing Gibbous,83,Kerala,Kochi
06:16 AM,06:07 PM,04:52 PM,04:20 AM,Waxing Gibbous,83,Kerala,Kozhikode
06:14 AM,06:06 PM,04:49 PM,04:18 AM,Waxing Gibbous,83,Kerala,Thrissur
06:15 AM,06:06 PM,04:50 PM,04:19 AM,Waxing Gibbous,83,Kerala,Malappuram
06:10 AM,06:04 PM,05:25 PM,05:03 AM,Waxing Gibbous,90,Kerala,Thiruvananthapuram
06:14 AM,06:06 PM,05:28 PM,05:06 AM,Waxing Gibbous,90,Kerala,Kochi
06:16 AM,06:07 PM,05:30 PM,05:08 AM,Waxing Gibbous,90,Kerala,Kozhikode
06:14 AM,06:06 PM,05:28 PM,05:06 AM,Waxing Gibbous,90,Kerala,Thrissur
06:15 AM,06:06 PM,05:28 PM,05:07 AM,Waxing Gibbous,90,Kerala,Malappuram
06:10 AM,06:04 PM,06:03 PM,05:49 AM,Waxing Gibbous,97,Kerala,Thiruvananthapuram
06:14 AM,06:06 PM,06:05 PM,05:52 AM,Waxing Gibbous,97,Kerala,Kochi
06:16 AM,06:07 PM,06:07 PM,05:54 AM,Waxing Gibbous,97,Kerala,Kozhikode
06:14 AM,06:05 PM,06:05 PM,05:52 AM,Waxing Gibbous,97,Kerala,Thrissur
06:15 AM,06:06 PM,06:05 PM,05:53 AM,Waxing Gibbous,97,Kerala,Malappuram
06:10 AM,06:04 PM,06:42 PM,06:34 AM,Full Moon,100,Kerala,Thiruvananthapuram
06:14 AM,06:05 PM,06:44 PM,06:38 AM,Full Moon,100,Kerala,Kochi
06:17 AM,06:06 PM,06:44 PM,06:41 AM,Full Moon,100,Kerala,Kozhikode
06:14 AM,06:05 PM,06:43 PM,06:38 AM,Full Moon,100,Kerala,Thrissur
06:15 AM,06:05 PM,06:43 PM,06:39 AM,Full Moon,100,Kerala,Malappuram
06:10 AM,06:03 PM,07:23 PM,07:20 AM,Waxing Gibbous,88,Kerala,Thiruvananthapuram
06:14 AM,06:05 PM,07:24 PM,07:25 AM,Waxing Gibbous,88,Kerala,Kochi
06:17 AM,06:06 PM,07:24 PM,07:28 AM,Waxing Gibbous,88,Kerala,Kozhikode
06:14 AM,06:04 PM,07:23 PM,07:26 AM,Waxing Gibbous,88,Kerala,Thrissur
06:15 AM,06:05 PM,07:23 PM,07:27 AM,Waxing Gibbous,88,Kerala,Malappuram
06:17 AM,05:55 PM,02:58 PM,01:14 AM,First Quarter,61,Madhya Pradesh,Bhopal
06:23 AM,06:01 PM,03:04 PM,01:22 AM,First Quarter,61,Madhya Pradesh,Indore
06:16 AM,05:50 PM,03:00 PM,01:05 AM,First Quarter,61,Madhya Pradesh,Gwalior
06:07 AM,05:45 PM,02:48 PM,01:04 AM,First Quarter,61,Madhya Pradesh,Jabalpur
06:24 AM,06:01 PM,03:05 PM,01:21 AM,First Quarter,61,Madhya Pradesh,Ujjain
06:12 AM,05:49 PM,02:54 PM,01:08 AM,First Quarter,61,Madhya Pradesh,Sagar
06:18 AM,05:54 PM,03:39 PM,02:14 AM,Waxing Gibbous,68,Madhya Pradesh,Bhopal
06:23 AM,06:01 PM,03:45 PM,02:21 AM,Waxing Gibbous,68,Madhya Pradesh,Indore
06:17 AM,05:49 PM,03:40 PM,02:06 AM,Waxing Gibbous,68,Madhya Pradesh,Gwalior
06:07 AM,05:44 PM,03:28 PM,02:04 AM,Waxing Gibbous,68,Madhya Pradesh,Jabalpur
06:24 AM,06:00 PM,03:46 PM,02:21 AM,Waxing Gibbous,68,Madhya Pradesh,Ujjain
06:13 AM,05:48 PM,03:34 PM,02:08 AM,Waxing Gibbous,68,Madhya Pradesh,Sagar
06:18 AM,05:53 PM,04:15 PM,03:12 AM,Waxing Gibbous,76,Madhya Pradesh,Bhopal
06:24 AM,06:00 PM,04:21 PM,03:19 AM,Waxing Gibbous,76,Madhya Pradesh,Indore
06:17 AM,05:48 PM,04:14 PM,03:05 AM,Waxing Gibbous,76,Madhya Pradesh,Gwalior
06:08 AM,05:43 PM,04:04 PM,03:01 AM,Waxing Gibbous,76,Madhya Pradesh,Jabalpur
06:24 AM,06:00 PM,04:21 PM,03:19 AM,Waxing Gibbous,76,Madhya Pradesh,Ujjain
06:13 AM,05:48 PM,04:10 PM,03:06 AM,Waxing Gibbous,76,Madhya Pradesh,Sagar
06:18 AM,05:52 PM,04:49 PM,04:07 AM,Waxing Gibbous,83,Madhya Pradesh,Bhopal
06:24 AM,05:59 PM,04:55 PM,04:13 AM,Waxing Gibbous,83,Madhya Pradesh,Indore
06:18 AM,05:47 PM,04:46 PM,04:02 AM,Waxing Gibbous,83,Madhya Pradesh,Gwalior
06:08 AM,05:42 PM,04:38 PM,03:56 AM,Waxing Gibbous,83,Madhya Pradesh,Jabalpur
06:25 AM,05:59 PM,04:55 PM,04:13 AM,Waxing Gibbous,83,Madhya Pradesh,Ujjain
06:14 AM,05:47 PM,04:43 PM,04:01 AM,Waxing Gibbous,83,Madhya Pradesh,Sagar
06:19 AM,05:51 PM,05:21 PM,05:00 AM,Waxing Gibbous,90,Madhya Pradesh,Bhopal
06:25 AM,05:58 PM,05:28 PM,05:06 AM,Waxing Gibbous,90,Madhya Pradesh,Indore
06:18 AM,05:46 PM,05:18 PM,04:56 AM,Waxing Gibbous,90,Madhya Pradesh,Gwalior
06:09 AM,05:41 PM,05:11 PM,04:49 AM,Waxing Gibbous,90,Madhya Pradesh,Jabalpur
06:25 AM,05:58 PM,05:28 PM,05:07 AM,Waxing Gibbous,90,Madhya Pradesh,Ujjain
06:14 AM,05:46 PM,05:16 PM,04:54 AM,Waxing Gibbous,90,Madhya Pradesh,Sagar
06:19 AM,05:51 PM,05:53 PM,05:52 AM,Waxing Gibbous,97,Madhya Pradesh,Bhopal
06:25 AM,05:57 PM,06:00 PM,05:58 AM,Waxing Gibbous,97,Madhya Pradesh,Indore
06:19 AM,05:45 PM,05:48 PM,05:50 AM,Waxing Gibbous,97,Madhya Pradesh,Gwalior
06:09 AM,05:41 PM,05:43 PM,05:42 AM,Waxing Gibbous,97,Madhya Pradesh,Jabalpur
06:26 AM,05:57 PM,06:00 PM,05:59 AM,Waxing Gibbous,97,Madhya Pradesh,Ujjain
06:15 AM,05:45 PM,05:48 PM,05:47 AM,Waxing Gibbous,97,Madhya Pradesh,Sagar
06:20 AM,05:50 PM,06:26 PM,06:44 AM,Full Moon,100,Madhya Pradesh,Bhopal
06:26 AM,05:57 PM,06:33 PM,06:50 AM,Full Moon,100,Madhya Pradesh,Indore
06:19 AM,05:44 PM,06:19 PM,06:43 AM,Full Moon,100,Madhya Pradesh,Gwalior
06:10 AM,05:40 PM,06:15 PM,06:33 AM,Full Moon,100,Madhya Pradesh,Jabalpur
06:26 AM,05:56 PM,06:33 PM,06:50 AM,Full Moon,100,Madhya Pradesh,Ujjain
06:15 AM,05:44 PM,06:20 PM,06:39 AM,Full Moon,100,Madhya Pradesh,Sagar
06:20 AM,05:49 PM,07:01 PM,07:36 AM,Waxing Gibbous,88,Madhya Pradesh,Bhopal
06:26 AM,05:56 PM,07:08 PM,07:42 AM,Waxing Gibbous,88,Madhya Pradesh,Indore
06:20 AM,05:43 PM,06:53 PM,07:37 AM,Waxing Gibbous,88,Madhya Pradesh,Gwalior
06:10 AM,05:39 PM,06:50 PM,07:25 AM,Waxing Gibbous,88,Madhya Pradesh,Jabalpur
06:27 AM,05:56 PM,07:08 PM,07:43 AM,Waxing Gibbous,88,Madhya Pradesh,Ujjain
06:16 AM,05:43 PM,06:54 PM,07:31 AM,Waxing Gibbous,88,Madhya Pradesh,Sagar
06:33 AM,06:16 PM,03:10 PM,01:42 AM,First Quarter,61,Maharashtra,Mumbai
06:28 AM,06:12 PM,03:05 PM,01:38 AM,First Quarter,61,Maharashtra,Pune
06:09 AM,05:50 PM,02:48 PM,01:11 AM,First Quarter,61,Maharashtra,Nagpur
06:23 AM,06:05 PM,03:01 PM,01:30 AM,First Quarter,61,Maharashtra,Aurangabad
06:19 AM,06:04 PM,02:55 PM,01:31 AM,First Quarter,61,Maharashtra,Solapur
06:33 AM,06:15 PM,03:52 PM,02:40 AM,Waxing Gibbous,68,Maharashtra,Mumbai
06:28 AM,06:11 PM,03:48 PM,02:36 AM,Waxing Gibbous,68,Maharashtra,Pune
06:09 AM,05:49 PM,03:29 PM,02:10 AM,Waxing Gibbous,68,Maharashtra,Nagpur
06:23 AM,06:04 PM,03:43 PM,02:28 AM,Waxing Gibbous,68,Maharashtra,Aurangabad
06:20 AM,06:04 PM,03:38 PM,02:29 AM,Waxing Gibbous,68,Maharashtra,Solapur
06:33 AM,06:14 PM,04:30 PM,03:35 AM,Waxing Gibbous,76,Maharashtra,Mumbai
06:29 AM,06:10 PM,04:26 PM,03:32 AM,Waxing Gibbous,76,Maharashtra,Pune
06:10 AM,05:48 PM,04:06 PM,03:07 AM,Waxing Gibbous,76,Maharashtra,Nagpur
06:24 AM,06:04 PM,04:21 PM,03:24 AM,Waxing Gibbous,76,Maharashtra,Aurangabad
06:20 AM,06:03 PM,04:16 PM,03:24 AM,Waxing Gibbous,76,Maharashtra,Solapur
06:33 AM,06:14 PM,05:06 PM,04:28 AM,Waxing Gibbous,83,Maharashtra,Mumbai
06:29 AM,06:10 PM,05:02 PM,04:24 AM,Waxing Gibbous,83,Maharashtra,Pune
06:10 AM,05:47 PM,04:41 PM,04:01 AM,Waxing Gibbous,83,Maharashtra,Nagpur
06:24 AM,06:03 PM,04:56 PM,04:17 AM,Waxing Gibbous,83,Maharashtra,Aurangabad
06:20 AM,06:02 PM,04:53 PM,04:16 AM,Waxing Gibbous,83,Maharashtra,Solapur
06:34 AM,06:13 PM,05:41 PM,05:19 AM,Waxing Gibbous,90,Maharashtra,Mumbai
06:29 AM,06:09 PM,05:36 PM,05:15 AM,Waxing Gibbous,90,Maharashtra,Pune
06:10 AM,05:46 PM,05:14 PM,04:53 AM,Waxing Gibbous,90,Maharashtra,Nagpur
06:24 AM,06:02 PM,05:30 PM,05:09 AM,Waxing Gibbous,90,Maharashtra,Aurangabad
06:20 AM,06:02 PM,05:28 PM,05:07 AM,Waxing Gibbous,90,Maharashtra,Solapur
06:34 AM,06:12 PM,06:14 PM,06:09 AM,Waxing Gibbous,97,Maharashtra,Mumbai
06:30 AM,06:08 PM,06:10 PM,06:05 AM,Waxing Gibbous,97,Maharashtra,Pune
06:11 AM,05:46 PM,05:48 PM,05:44 AM,Waxing Gibbous,97,Maharashtra,Nagpur
06:25 AM,06:02 PM,06:03 PM,05:59 AM,Waxing Gibbous,97,Maharashtra,Aurangabad
06:21 AM,06:01 PM,06:02 PM,05:56 AM,Waxing Gibbous,97,Maharashtra,Solapur
06:34 AM,06:12 PM,06:49 PM,06:59 AM,Full Moon,100,Maharashtra,Mumbai
06:30 AM,06:08 PM,06:45 PM,06:54 AM,Full Moon,100,Maharashtra,Pune
06:11 AM,05:45 PM,06:21 PM,06:35 AM,Full Moon,100,Maharashtra,Nagpur
06:25 AM,06:01 PM,06:38 PM,06:49 AM,Full Moon,100,Maharashtra,Aurangabad
06:21 AM,06:00 PM,06:38 PM,06:45 AM,Full Moon,100,Maharashtra,Solapur
06:35 AM,06:11 PM,07:26 PM,07:50 AM,Waxing Gibbous,88,Maharashtra,Mumbai
06:30 AM,06:07 PM,07:22 PM,07:45 AM,Waxing Gibbous,88,Maharashtra,Pune
06:12 AM,05:44 PM,06:57 PM,07:26 AM,Waxing Gibbous,88,Maharashtra,Nagpur
06:26 AM,06:00 PM,07:14 PM,07:40 AM,Waxing Gibbous,88,Maharashtra,Aurangabad
06:21 AM,06:00 PM,07:15 PM,07:35 AM,Waxing Gibbous,88,Maharashtra,Solapur
05:12 AM,04:47 PM,01:53 PM,12:02 AM,First Quarter,61,Manipur,Imphal
05:34 AM,05:12 PM,02:12 PM,12:30 AM,First Quarter,61,Manipur,Bishnupur
05:11 AM,04:45 PM,01:52 PM,No moonset,First Quarter,61,Manipur,Ukhrul
05:14 AM,04:49 PM,01:55 PM,12:03 AM,First Quarter,61,Manipur,Tamenglong
06:26 AM,06:14 PM,03:00 PM,01:43 AM,First Quarter,61,Manipur,Chandel
05:13 AM,04:46 PM,02:33 PM,01:03 AM,Waxing Gibbous,68,Manipur,Imphal
05:34 AM,05:11 PM,02:53 PM,01:31 AM,Waxing Gibbous,68,Manipur,Bishnupur
05:11 AM,04:44 PM,02:31 PM,01:01 AM,Waxing Gibbous,68,Manipur,Ukhrul
05:15 AM,04:48 PM,02:34 PM,01:04 AM,Waxing Gibbous,68,Manipur,Tamenglong
06:26 AM,06:13 PM,03:44 PM,02:40 AM,Waxing Gibbous,68,Manipur,Chandel
05:13 AM,04:45 PM,03:09 PM,02:01 AM,Waxing Gibbous,76,Manipur,Imphal
05:34 AM,05:10 PM,03:30 PM,02:27 AM,Waxing Gibbous,76,Manipur,Bishnupur
05:12 AM,04:44 PM,03:07 PM,01:59 AM,Waxing Gibbous,76,Manipur,Ukhrul
05:15 AM,04:47 PM,03:10 PM,02:03 AM,Waxing Gibbous,76,Manipur,Tamenglong
06:27 AM,06:12 PM,04:23 PM,03:34 AM,Waxing Gibbous,76,Manipur,Chandel
05:14 AM,04:45 PM,03:42 PM,02:57 AM,Waxing Gibbous,83,Manipur,Imphal
05:35 AM,05:10 PM,04:04 PM,03:22 AM,Waxing Gibbous,83,Manipur,Bishnupur
05:12 AM,04:43 PM,03:40 PM,02:55 AM,Waxing Gibbous,83,Manipur,Ukhrul
05:16 AM,04:46 PM,03:43 PM,02:59 AM,Waxing Gibbous,83,Manipur,Tamenglong
06:27 AM,06:12 PM,05:01 PM,04:25 AM,Waxing Gibbous,83,Manipur,Chandel
05:14 AM,04:44 PM,04:13 PM,03:51 AM,Waxing Gibbous,90,Manipur,Imphal
05:35 AM,05:09 PM,04:36 PM,04:15 AM,Waxing Gibbous,90,Manipur,Bishnupur
05:13 AM,04:42 PM,04:11 PM,03:49 AM,Waxing Gibbous,90,Manipur,Ukhrul
05:16 AM,04:45 PM,04:15 PM,03:53 AM,Waxing Gibbous,90,Manipur,Tamenglong
06:27 AM,06:11 PM,05:37 PM,05:15 AM,Waxing Gibbous,90,Manipur,Chandel
05:15 AM,04:43 PM,04:44 PM,04:44 AM,Waxing Gibbous,97,Manipur,Imphal
05:36 AM,05:08 PM,05:09 PM,05:07 AM,Waxing Gibbous,97,Manipur,Bishnupur
05:13 AM,04:41 PM,04:42 PM,04:42 AM,Waxing Gibbous,97,Manipur,Ukhrul
05:17 AM,04:44 PM,04:46 PM,04:46 AM,Waxing Gibbous,97,Manipur,Tamenglong
06:27 AM,06:11 PM,06:12 PM,06:04 AM,Waxing Gibbous,97,Manipur,Chandel
05:15 AM,04:42 PM,05:17 PM,05:37 AM,Full Moon,100,Manipur,Imphal
05:36 AM,05:07 PM,05:43 PM,05:58 AM,Full Moon,100,Manipur,Bishnupur
05:14 AM,04:40 PM,05:15 PM,05:35 AM,Full Moon,100,Manipur,Ukhrul
05:17 AM,04:43 PM,05:18 PM,05:39 AM,Full Moon,100,Manipur,Tamenglong
06:28 AM,06:10 PM,06:48 PM,06:52 AM,Full Moon,100,Manipur,Chandel
05:16 AM,04:41 PM,05:51 PM,06:29 AM,Waxing Gibbous,88,Manipur,Imphal
05:37 AM,05:06 PM,06:17 PM,06:50 AM,Waxing Gibbous,88,Manipur,Bishnupur
05:14 AM,04:39 PM,05:49 PM,06:28 AM,Waxing Gibbous,88,Manipur,Ukhrul
05:18 AM,04:43 PM,05:52 PM,06:31 AM,Waxing Gibbous,88,Manipur,Tamenglong
06:28 AM,06:09 PM,07:26 PM,07:41 AM,Waxing Gibbous,88,Manipur,Chandel
05:21 AM,04:55 PM,02:03 PM,12:09 AM,First Quarter,61,Meghalaya,Shillong
05:22 AM,04:56 PM,02:03 PM,12:10 AM,First Quarter,61,Meghalaya,Cherrapunji
05:28 AM,05:02 PM,02:09 PM,12:16 AM,First Quarter,61,Meghalaya,Tura
05:20 AM,04:54 PM,02:01 PM,12:08 AM,First Quarter,61,Meghalaya,Jowai
05:31 AM,05:10 PM,02:09 PM,12:28 AM,First Quarter,61,Meghalaya,Baghmara
05:21 AM,04:55 PM,02:03 PM,12:08 AM,First Quarter,61,Meghalaya,Nongpoh
05:22 AM,04:54 PM,02:42 PM,01:10 AM,Waxing Gibbous,68,Meghalaya,Shillong
05:22 AM,04:55 PM,02:43 PM,01:12 AM,Waxing Gibbous,68,Meghalaya,Cherrapunji
05:28 AM,05:01 PM,02:49 PM,01:17 AM,Waxing Gibbous,68,Meghalaya,Tura
05:20 AM,04:53 PM,02:41 PM,01:09 AM,Waxing Gibbous,68,Meghalaya,Jowai
05:31 AM,05:09 PM,02:50 PM,01:28 AM,Waxing Gibbous,68,Meghalaya,Baghmara
05:22 AM,04:54 PM,02:43 PM,01:10 AM,Waxing Gibbous,68,Meghalaya,Nongpoh
05:22 AM,04:53 PM,03:18 PM,02:09 AM,Waxing Gibbous,76,Meghalaya,Shillong
05:23 AM,04:54 PM,03:18 PM,02:10 AM,Waxing Gibbous,76,Meghalaya,Cherrapunji
05:29 AM,05:00 PM,03:25 PM,02:16 AM,Waxing Gibbous,76,Meghalaya,Tura
05:21 AM,04:52 PM,03:16 PM,02:08 AM,Waxing Gibbous,76,Meghalaya,Jowai
05:32 AM,05:08 PM,03:27 PM,02:25 AM,Waxing Gibbous,76,Meghalaya,Baghmara
05:23 AM,04:53 PM,03:18 PM,02:08 AM,Waxing Gibbous,76,Meghalaya,Nongpoh
05:23 AM,04:52 PM,03:50 PM,03:05 AM,Waxing Gibbous,83,Meghalaya,Shillong
05:23 AM,04:53 PM,03:51 PM,03:06 AM,Waxing Gibbous,83,Meghalaya,Cherrapunji
05:29 AM,04:59 PM,03:57 PM,03:12 AM,Waxing Gibbous,83,Meghalaya,Tura
05:21 AM,04:51 PM,03:49 PM,03:04 AM,Waxing Gibbous,83,Meghalaya,Jowai
05:32 AM,05:07 PM,04:01 PM,03:20 AM,Waxing Gibbous,83,Meghalaya,Baghmara
05:23 AM,04:52 PM,03:51 PM,03:05 AM,Waxing Gibbous,83,Meghalaya,Nongpoh
05:23 AM,04:51 PM,04:21 PM,04:00 AM,Waxing Gibbous,90,Meghalaya,Shillong
05:24 AM,04:52 PM,04:22 PM,04:00 AM,Waxing Gibbous,90,Meghalaya,Cherrapunji
05:30 AM,04:58 PM,04:28 PM,04:06 AM,Waxing Gibbous,90,Meghalaya,Tura
05:22 AM,04:50 PM,04:20 PM,03:58 AM,Waxing Gibbous,90,Meghalaya,Jowai
05:33 AM,05:06 PM,04:34 PM,04:12 AM,Waxing Gibbous,90,Meghalaya,Baghmara
05:24 AM,04:51 PM,04:21 PM,04:00 AM,Waxing Gibbous,90,Meghalaya,Nongpoh
05:24 AM,04:51 PM,04:52 PM,04:53 AM,Waxing Gibbous,97,Meghalaya,Shillong
05:24 AM,04:52 PM,04:53 PM,04:53 AM,Waxing Gibbous,97,Meghalaya,Cherrapunji
05:30 AM,04:57 PM,04:59 PM,05:00 AM,Waxing Gibbous,97,Meghalaya,Tura
05:22 AM,04:49 PM,04:51 PM,04:51 AM,Waxing Gibbous,97,Meghalaya,Jowai
05:33 AM,05:06 PM,05:07 PM,05:04 AM,Waxing Gibbous,97,Meghalaya,Baghmara
05:24 AM,04:50 PM,04:52 PM,04:53 AM,Waxing Gibbous,97,Meghalaya,Nongpoh
05:24 AM,04:50 PM,05:25 PM,05:46 AM,Full Moon,100,Meghalaya,Shillong
05:25 AM,04:51 PM,05:26 PM,05:46 AM,Full Moon,100,Meghalaya,Cherrapunji
05:31 AM,04:56 PM,05:31 PM,05:53 AM,Full Moon,100,Meghalaya,Tura
05:23 AM,04:48 PM,05:23 PM,05:45 AM,Full Moon,100,Meghalaya,Jowai
05:34 AM,05:05 PM,05:40 PM,05:55 AM,Full Moon,100,Meghalaya,Baghmara
05:25 AM,04:49 PM,05:24 PM,05:46 AM,Full Moon,100,Meghalaya,Nongpoh
05:25 AM,04:49 PM,05:58 PM,06:39 AM,Waxing Gibbous,88,Meghalaya,Shillong
05:25 AM,04:50 PM,05:59 PM,06:39 AM,Waxing Gibbous,88,Meghalaya,Cherrapunji
05:32 AM,04:56 PM,06:05 PM,06:46 AM,Waxing Gibbous,88,Meghalaya,Tura
05:24 AM,04:48 PM,05:57 PM,06:37 AM,Waxing Gibbous,88,Meghalaya,Jowai
05:34 AM,05:04 PM,06:15 PM,06:47 AM,Waxing Gibbous,88,Meghalaya,Baghmara
05:25 AM,04:48 PM,05:57 PM,06:39 AM,Waxing Gibbous,88,Meghalaya,Nongpoh
05:17 AM,04:53 PM,01:56 PM,12:09 AM,First Quarter,61,Mizoram,Aizawl
05:46 AM,05:24 PM,02:24 PM,12:41 AM,First Quarter,61,Mizoram,Lunglei
05:16 AM,04:53 PM,01:55 PM,12:10 AM,First Quarter,61,Mizoram,Serchhip
05:14 AM,04:53 PM,01:52 PM,12:11 AM,First Quarter,61,Mizoram,Tuipang
05:48 AM,05:24 PM,02:27 PM,12:40 AM,First Quarter,61,Mizoram,Mamit
05:17 AM,04:52 PM,02:36 PM,01:10 AM,Waxing Gibbous,68,Mizoram,Aizawl
05:46 AM,05:23 PM,03:05 PM,01:41 AM,Waxing Gibbous,68,Mizoram,Lunglei
05:16 AM,04:52 PM,02:35 PM,01:10 AM,Waxing Gibbous,68,Mizoram,Serchhip
05:15 AM,04:52 PM,02:33 PM,01:11 AM,Waxing Gibbous,68,Mizoram,Tuipang
05:48 AM,05:23 PM,03:08 PM,01:41 AM,Waxing Gibbous,68,Mizoram,Mamit
05:17 AM,04:51 PM,03:13 PM,02:07 AM,Waxing Gibbous,76,Mizoram,Aizawl
05:47 AM,05:22 PM,03:42 PM,02:38 AM,Waxing Gibbous,76,Mizoram,Lunglei
05:17 AM,04:51 PM,03:12 PM,02:07 AM,Waxing Gibbous,76,Mizoram,Serchhip
05:15 AM,04:51 PM,03:10 PM,02:08 AM,Waxing Gibbous,76,Mizoram,Tuipang
05:49 AM,05:22 PM,03:44 PM,02:38 AM,Waxing Gibbous,76,Mizoram,Mamit
05:18 AM,04:50 PM,03:46 PM,03:03 AM,Waxing Gibbous,83,Mizoram,Aizawl
05:47 AM,05:21 PM,04:16 PM,03:34 AM,Waxing Gibbous,83,Mizoram,Lunglei
05:17 AM,04:50 PM,03:46 PM,03:03 AM,Waxing Gibbous,83,Mizoram,Serchhip
05:16 AM,04:50 PM,03:45 PM,03:02 AM,Waxing Gibbous,83,Mizoram,Tuipang
05:49 AM,05:22 PM,04:17 PM,03:34 AM,Waxing Gibbous,83,Mizoram,Mamit
05:18 AM,04:50 PM,04:18 PM,03:56 AM,Waxing Gibbous,90,Mizoram,Aizawl
05:48 AM,05:21 PM,04:48 PM,04:26 AM,Waxing Gibbous,90,Mizoram,Lunglei
05:18 AM,04:50 PM,04:18 PM,03:56 AM,Waxing Gibbous,90,Mizoram,Serchhip
05:16 AM,04:50 PM,04:17 PM,03:55 AM,Waxing Gibbous,90,Mizoram,Tuipang
05:49 AM,05:21 PM,04:49 PM,04:27 AM,Waxing Gibbous,90,Mizoram,Mamit
05:19 AM,04:49 PM,04:50 PM,04:49 AM,Waxing Gibbous,97,Mizoram,Aizawl
05:48 AM,05:20 PM,05:21 PM,05:18 AM,Waxing Gibbous,97,Mizoram,Lunglei
05:18 AM,04:49 PM,04:50 PM,04:48 AM,Waxing Gibbous,97,Mizoram,Serchhip
05:16 AM,04:49 PM,04:50 PM,04:47 AM,Waxing Gibbous,97,Mizoram,Tuipang
05:50 AM,05:20 PM,05:21 PM,05:20 AM,Waxing Gibbous,97,Mizoram,Mamit
05:19 AM,04:48 PM,05:23 PM,05:41 AM,Full Moon,100,Mizoram,Aizawl
05:49 AM,05:19 PM,05:54 PM,06:10 AM,Full Moon,100,Mizoram,Lunglei
05:19 AM,04:48 PM,05:23 PM,05:40 AM,Full Moon,100,Mizoram,Serchhip
05:17 AM,04:48 PM,05:23 PM,05:38 AM,Full Moon,100,Mizoram,Tuipang
05:50 AM,05:19 PM,05:54 PM,06:12 AM,Full Moon,100,Mizoram,Mamit
05:20 AM,04:47 PM,05:57 PM,06:33 AM,Waxing Gibbous,88,Mizoram,Aizawl
05:49 AM,05:18 PM,06:28 PM,07:02 AM,Waxing Gibbous,88,Mizoram,Lunglei
05:19 AM,04:47 PM,05:57 PM,06:32 AM,Waxing Gibbous,88,Mizoram,Serchhip
05:17 AM,04:47 PM,05:58 PM,06:30 AM,Waxing Gibbous,88,Mizoram,Tuipang
05:51 AM,05:18 PM,06:28 PM,07:04 AM,Waxing Gibbous,88,Mizoram,Mamit
05:12 AM,04:46 PM,01:54 PM,No moonset,First Quarter,61,Nagaland,Kohima
05:10 AM,04:43 PM,01:52 PM,No moonset,First Quarter,61,Nagaland,Tuensang
05:11 AM,04:44 PM,01:53 PM,No moonset,First Quarter,61,Nagaland,Zunheboto
05:11 AM,04:44 PM,01:53 PM,No moonset,First Quarter,61,Nagaland,Mokokchung
05:55 AM,05:34 PM,02:34 PM,12:51 AM,First Quarter,61,Nagaland,Kiphire Sadar
05:11 AM,04:44 PM,01:52 PM,No moonset,First Quarter,61,Nagaland,Phek
05:13 AM,04:45 PM,02:33 PM,01:01 AM,Waxing Gibbous,68,Nagaland,Kohima
05:10 AM,04:42 PM,02:31 PM,12:57 AM,Waxing Gibbous,68,Nagaland,Tuensang
05:11 AM,04:43 PM,02:32 PM,12:59 AM,Waxing Gibbous,68,Nagaland,Zunheboto
05:12 AM,04:43 PM,02:32 PM,12:58 AM,Waxing Gibbous,68,Nagaland,Mokokchung
05:56 AM,05:33 PM,03:15 PM,01:51 AM,Waxing Gibbous,68,Nagaland,Kiphire Sadar
05:11 AM,04:44 PM,02:31 PM,12:59 AM,Waxing Gibbous,68,Nagaland,Phek
05:13 AM,04:44 PM,03:09 PM,02:00 AM,Waxing Gibbous,76,Nagaland,Kohima
05:11 AM,04:41 PM,03:06 PM,01:56 AM,Waxing Gibbous,76,Nagaland,Tuensang
05:12 AM,04:42 PM,03:07 PM,01:58 AM,Waxing Gibbous,76,Nagaland,Zunheboto
05:12 AM,04:42 PM,03:08 PM,01:57 AM,Waxing Gibbous,76,Nagaland,Mokokchung
05:56 AM,05:32 PM,03:52 PM,02:48 AM,Waxing Gibbous,76,Nagaland,Kiphire Sadar
05:12 AM,04:43 PM,03:07 PM,01:58 AM,Waxing Gibbous,76,Nagaland,Phek
05:14 AM,04:43 PM,03:41 PM,02:56 AM,Waxing Gibbous,83,Nagaland,Kohima
05:11 AM,04:40 PM,03:39 PM,02:52 AM,Waxing Gibbous,83,Nagaland,Tuensang
05:12 AM,04:41 PM,03:40 PM,02:54 AM,Waxing Gibbous,83,Nagaland,Zunheboto
05:13 AM,04:41 PM,03:40 PM,02:54 AM,Waxing Gibbous,83,Nagaland,Mokokchung
05:56 AM,05:31 PM,04:25 PM,03:43 AM,Waxing Gibbous,83,Nagaland,Kiphire Sadar
05:12 AM,04:42 PM,03:40 PM,02:54 AM,Waxing Gibbous,83,Nagaland,Phek
05:14 AM,04:42 PM,04:12 PM,03:50 AM,Waxing Gibbous,90,Nagaland,Kohima
05:12 AM,04:39 PM,04:09 PM,03:47 AM,Waxing Gibbous,90,Nagaland,Tuensang
05:13 AM,04:40 PM,04:11 PM,03:49 AM,Waxing Gibbous,90,Nagaland,Zunheboto
05:13 AM,04:40 PM,04:10 PM,03:49 AM,Waxing Gibbous,90,Nagaland,Mokokchung
05:57 AM,05:30 PM,04:58 PM,04:36 AM,Waxing Gibbous,90,Nagaland,Kiphire Sadar
05:13 AM,04:41 PM,04:11 PM,03:49 AM,Waxing Gibbous,90,Nagaland,Phek
05:15 AM,04:41 PM,04:43 PM,04:43 AM,Waxing Gibbous,97,Nagaland,Kohima
05:13 AM,04:38 PM,04:40 PM,04:41 AM,Waxing Gibbous,97,Nagaland,Tuensang
05:14 AM,04:40 PM,04:41 PM,04:42 AM,Waxing Gibbous,97,Nagaland,Zunheboto
05:14 AM,04:39 PM,04:41 PM,04:42 AM,Waxing Gibbous,97,Nagaland,Mokokchung
05:57 AM,05:29 PM,05:31 PM,05:28 AM,Waxing Gibbous,97,Nagaland,Kiphire Sadar
05:13 AM,04:40 PM,04:42 PM,04:42 AM,Waxing Gibbous,97,Nagaland,Phek
05:15 AM,04:41 PM,05:15 PM,05:37 AM,Full Moon,100,Nagaland,Kohima
05:13 AM,04:37 PM,05:12 PM,05:34 AM,Full Moon,100,Nagaland,Tuensang
05:14 AM,04:39 PM,05:13 PM,05:35 AM,Full Moon,100,Nagaland,Zunheboto
05:14 AM,04:38 PM,05:13 PM,05:36 AM,Full Moon,100,Nagaland,Mokokchung
05:58 AM,05:29 PM,06:03 PM,06:19 AM,Full Moon,100,Nagaland,Kiphire Sadar
05:14 AM,04:39 PM,05:14 PM,05:35 AM,Full Moon,100,Nagaland,Phek
05:16 AM,04:40 PM,05:49 PM,06:29 AM,Waxing Gibbous,88,Nagaland,Kohima
05:14 AM,04:36 PM,05:45 PM,06:27 AM,Waxing Gibbous,88,Nagaland,Tuensang
05:15 AM,04:38 PM,05:47 PM,06:28 AM,Waxing Gibbous,88,Nagaland,Zunheboto
05:15 AM,04:37 PM,05:46 PM,06:29 AM,Waxing Gibbous,88,Nagaland,Mokokchung
05:58 AM,05:28 PM,06:38 PM,07:11 AM,Waxing Gibbous,88,Nagaland,Kiphire Sadar
05:14 AM,04:38 PM,05:47 PM,06:28 AM,Waxing Gibbous,88,Nagaland,Phek
05:42 AM,05:23 PM,02:18 PM,12:45 AM,First Quarter,61,Odisha,Bhubaneswar
05:47 AM,05:26 PM,02:25 PM,12:45 AM,First Quarter,61,Odisha,Rourkela
05:42 AM,05:23 PM,02:19 PM,12:44 AM,First Quarter,61,Odisha,Cuttack
05:45 AM,05:28 PM,02:21 PM,12:51 AM,First Quarter,61,Odisha,Brahmapur
05:41 AM,05:24 PM,02:17 PM,12:45 AM,First Quarter,61,Odisha,Puri
05:50 AM,05:30 PM,02:28 PM,12:50 AM,First Quarter,61,Odisha,Sambalpur
05:42 AM,05:23 PM,03:00 PM,01:44 AM,Waxing Gibbous,68,Odisha,Bhubaneswar
05:47 AM,05:25 PM,03:07 PM,01:45 AM,Waxing Gibbous,68,Odisha,Rourkela
05:42 AM,05:22 PM,03:01 PM,01:44 AM,Waxing Gibbous,68,Odisha,Cuttack
05:46 AM,05:27 PM,03:03 PM,01:50 AM,Waxing Gibbous,68,Odisha,Brahmapur
05:42 AM,05:23 PM,03:00 PM,01:45 AM,Waxing Gibbous,68,Odisha,Puri
05:50 AM,05:29 PM,03:10 PM,01:50 AM,Waxing Gibbous,68,Odisha,Sambalpur
05:43 AM,05:22 PM,03:38 PM,02:40 AM,Waxing Gibbous,76,Odisha,Bhubaneswar
05:48 AM,05:24 PM,03:44 PM,02:42 AM,Waxing Gibbous,76,Odisha,Rourkela
05:43 AM,05:22 PM,03:38 PM,02:39 AM,Waxing Gibbous,76,Odisha,Cuttack
05:46 AM,05:27 PM,03:42 PM,02:45 AM,Waxing Gibbous,76,Odisha,Brahmapur
05:42 AM,05:22 PM,03:38 PM,02:40 AM,Waxing Gibbous,76,Odisha,Puri
05:51 AM,05:28 PM,03:47 PM,02:46 AM,Waxing Gibbous,76,Odisha,Sambalpur
05:43 AM,05:21 PM,04:13 PM,03:34 AM,Waxing Gibbous,83,Odisha,Bhubaneswar
05:48 AM,05:23 PM,04:17 PM,03:37 AM,Waxing Gibbous,83,Odisha,Rourkela
05:43 AM,05:21 PM,04:13 PM,03:34 AM,Waxing Gibbous,83,Odisha,Cuttack
05:46 AM,05:26 PM,04:17 PM,03:39 AM,Waxing Gibbous,83,Odisha,Brahmapur
05:42 AM,05:21 PM,04:13 PM,03:34 AM,Waxing Gibbous,83,Odisha,Puri
05:51 AM,05:28 PM,04:21 PM,03:41 AM,Waxing Gibbous,83,Odisha,Sambalpur
05:43 AM,05:20 PM,04:47 PM,04:25 AM,Waxing Gibbous,90,Odisha,Bhubaneswar
05:49 AM,05:23 PM,04:50 PM,04:29 AM,Waxing Gibbous,90,Odisha,Rourkela
05:43 AM,05:20 PM,04:47 PM,04:25 AM,Waxing Gibbous,90,Odisha,Cuttack
05:47 AM,05:25 PM,04:51 PM,04:29 AM,Waxing Gibbous,90,Odisha,Brahmapur
05:43 AM,05:21 PM,04:47 PM,04:25 AM,Waxing Gibbous,90,Odisha,Puri
05:52 AM,05:27 PM,04:54 PM,04:33 AM,Waxing Gibbous,90,Odisha,Sambalpur
05:44 AM,05:20 PM,05:21 PM,05:16 AM,Waxing Gibbous,97,Odisha,Bhubaneswar
05:49 AM,05:22 PM,05:23 PM,05:21 AM,Waxing Gibbous,97,Odisha,Rourkela
05:44 AM,05:19 PM,05:20 PM,05:16 AM,Waxing Gibbous,97,Odisha,Cuttack
05:47 AM,05:25 PM,05:25 PM,05:20 AM,Waxing Gibbous,97,Odisha,Brahmapur
05:43 AM,05:20 PM,05:21 PM,05:16 AM,Waxing Gibbous,97,Odisha,Puri
05:52 AM,05:26 PM,05:28 PM,05:24 AM,Waxing Gibbous,97,Odisha,Sambalpur
05:44 AM,05:19 PM,05:55 PM,06:06 AM,Full Moon,100,Odisha,Bhubaneswar
05:49 AM,05:21 PM,05:57 PM,06:12 AM,Full Moon,100,Odisha,Rourkela
05:44 AM,05:19 PM,05:54 PM,06:06 AM,Full Moon,100,Odisha,Cuttack
05:47 AM,05:24 PM,06:00 PM,06:10 AM,Full Moon,100,Odisha,Brahmapur
05:44 AM,05:19 PM,05:55 PM,06:06 AM,Full Moon,100,Odisha,Puri
05:52 AM,05:25 PM,06:01 PM,06:15 AM,Full Moon,100,Odisha,Sambalpur
05:44 AM,05:18 PM,06:30 PM,06:57 AM,Waxing Gibbous,88,Odisha,Bhubaneswar
05:50 AM,05:20 PM,06:31 PM,07:03 AM,Waxing Gibbous,88,Odisha,Rourkela
05:45 AM,05:18 PM,06:30 PM,06:57 AM,Waxing Gibbous,88,Odisha,Cuttack
05:48 AM,05:23 PM,06:36 PM,07:00 AM,Waxing Gibbous,88,Odisha,Brahmapur
05:44 AM,05:18 PM,06:31 PM,06:56 AM,Waxing Gibbous,88,Odisha,Puri
05:53 AM,05:25 PM,06:36 PM,07:06 AM,Waxing Gibbous,88,Odisha,Sambalpur
06:25 AM,05:52 PM,03:15 PM,01:01 AM,First Quarter,61,Punjab,Chandigarh
06:33 AM,05:59 PM,03:25 PM,01:07 AM,First Quarter,61,Punjab,Amritsar
06:30 AM,05:56 PM,03:21 PM,01:04 AM,First Quarter,61,Punjab,Jalandhar
06:29 AM,05:55 PM,03:19 PM,01:04 AM,First Quarter,61,Punjab,Ludhiana
06:26 AM,05:54 PM,03:16 PM,01:03 AM,First Quarter,61,Punjab,Patiala
06:31 AM,05:57 PM,03:22 PM,01:05 AM,First Quarter,61,Punjab,Kapurthala
06:26 AM,05:51 PM,03:52 PM,02:04 AM,Waxing Gibbous,68,Punjab,Chandigarh
06:34 AM,05:57 PM,04:01 PM,02:11 AM,Waxing Gibbous,68,Punjab,Amritsar
06:31 AM,05:55 PM,03:57 PM,02:08 AM,Waxing Gibbous,68,Punjab,Jalandhar
06:30 AM,05:54 PM,03:56 PM,02:08 AM,Waxing Gibbous,68,Punjab,Ludhiana
06:27 AM,05:53 PM,03:53 PM,02:07 AM,Waxing Gibbous,68,Punjab,Patiala
06:32 AM,05:56 PM,03:58 PM,02:09 AM,Waxing Gibbous,68,Punjab,Kapurthala
06:26 AM,05:50 PM,04:24 PM,03:06 AM,Waxing Gibbous,76,Punjab,Chandigarh
06:35 AM,05:56 PM,04:33 PM,03:13 AM,Waxing Gibbous,76,Punjab,Amritsar
06:32 AM,05:54 PM,04:29 PM,03:10 AM,Waxing Gibbous,76,Punjab,Jalandhar
06:30 AM,05:53 PM,04:28 PM,03:09 AM,Waxing Gibbous,76,Punjab,Ludhiana
06:28 AM,05:51 PM,04:25 PM,03:08 AM,Waxing Gibbous,76,Punjab,Patiala
06:33 AM,05:55 PM,04:30 PM,03:11 AM,Waxing Gibbous,76,Punjab,Kapurthala
06:27 AM,05:49 PM,04:54 PM,04:04 AM,Waxing Gibbous,83,Punjab,Chandigarh
06:36 AM,05:55 PM,05:02 PM,04:12 AM,Waxing Gibbous,83,Punjab,Amritsar
06:32 AM,05:53 PM,04:59 PM,04:09 AM,Waxing Gibbous,83,Punjab,Jalandhar
06:31 AM,05:52 PM,04:58 PM,04:08 AM,Waxing Gibbous,83,Punjab,Ludhiana
06:28 AM,05:50 PM,04:55 PM,04:06 AM,Waxing Gibbous,83,Punjab,Patiala
06:33 AM,05:53 PM,05:00 PM,04:10 AM,Waxing Gibbous,83,Punjab,Kapurthala
06:28 AM,05:47 PM,05:23 PM,05:02 AM,Waxing Gibbous,90,Punjab,Chandigarh
06:36 AM,05:54 PM,05:30 PM,05:10 AM,Waxing Gibbous,90,Punjab,Amritsar
06:33 AM,05:52 PM,05:27 PM,05:07 AM,Waxing Gibbous,90,Punjab,Jalandhar
06:32 AM,05:51 PM,05:26 PM,05:06 AM,Waxing Gibbous,90,Punjab,Ludhiana
06:29 AM,05:49 PM,05:24 PM,05:03 AM,Waxing Gibbous,90,Punjab,Patiala
06:34 AM,05:52 PM,05:28 PM,05:07 AM,Waxing Gibbous,90,Punjab,Kapurthala
06:28 AM,05:46 PM,05:51 PM,05:58 AM,Waxing Gibbous,97,Punjab,Chandigarh
06:37 AM,05:53 PM,05:58 PM,06:06 AM,Waxing Gibbous,97,Punjab,Amritsar
06:34 AM,05:51 PM,05:55 PM,06:03 AM,Waxing Gibbous,97,Punjab,Jalandhar
06:32 AM,05:50 PM,05:55 PM,06:02 AM,Waxing Gibbous,97,Punjab,Ludhiana
06:30 AM,05:48 PM,05:53 PM,05:59 AM,Waxing Gibbous,97,Punjab,Patiala
06:35 AM,05:51 PM,05:56 PM,06:04 AM,Waxing Gibbous,97,Punjab,Kapurthala
06:29 AM,05:45 PM,06:20 PM,06:53 AM,Full Moon,100,Punjab,Chandigarh
06:38 AM,05:52 PM,06:27 PM,07:02 AM,Full Moon,100,Punjab,Amritsar
06:35 AM,05:50 PM,06:24 PM,06:59 AM,Full Moon,100,Punjab,Jalandhar
06:33 AM,05:49 PM,06:23 PM,06:57 AM,Full Moon,100,Punjab,Ludhiana
06:30 AM,05:47 PM,06:22 PM,06:54 AM,Full Moon,100,Punjab,Patiala
06:35 AM,05:50 PM,06:25 PM,07:00 AM,Full Moon,100,Punjab,Kapurthala
06:30 AM,05:44 PM,06:51 PM,07:49 AM,Waxing Gibbous,88,Punjab,Chandigarh
06:39 AM,05:51 PM,06:58 PM,07:58 AM,Waxing Gibbous,88,Punjab,Amritsar
06:35 AM,05:49 PM,06:55 PM,07:55 AM,Waxing Gibbous,88,Punjab,Jalandhar
06:34 AM,05:48 PM,06:55 PM,07:53 AM,Waxing Gibbous,88,Punjab,Ludhiana
06:31 AM,05:46 PM,06:54 PM,07:50 AM,Waxing Gibbous,88,Punjab,Patiala
06:36 AM,05:49 PM,06:56 PM,07:56 AM,Waxing Gibbous,88,Punjab,Kapurthala
06:26 AM,05:58 PM,03:12 PM,01:13 AM,First Quarter,61,Rajasthan,Jaipur
06:37 AM,06:08 PM,03:24 PM,01:22 AM,First Quarter,61,Rajasthan,Bikaner
06:46 AM,06:18 PM,03:32 PM,01:34 AM,First Quarter,61,Rajasthan,Jaisalmer
06:37 AM,06:10 PM,03:22 PM,01:26 AM,First Quarter,61,Rajasthan,Jodhpur
06:28 AM,05:59 PM,03:14 PM,01:13 AM,First Quarter,61,Rajasthan,Udaipur
06:30 AM,06:03 PM,03:16 PM,01:19 AM,First Quarter,61,Rajasthan,Ajmer
06:27 AM,05:57 PM,03:50 PM,02:15 AM,Waxing Gibbous,68,Rajasthan,Jaipur
06:38 AM,06:07 PM,04:02 PM,02:23 AM,Waxing Gibbous,68,Rajasthan,Bikaner
06:46 AM,06:17 PM,04:10 PM,02:35 AM,Waxing Gibbous,68,Rajasthan,Jaisalmer
06:37 AM,06:09 PM,04:01 PM,02:27 AM,Waxing Gibbous,68,Rajasthan,Jodhpur
06:29 AM,05:58 PM,03:53 PM,02:15 AM,Waxing Gibbous,68,Rajasthan,Udaipur
06:31 AM,06:02 PM,03:54 PM,02:20 AM,Waxing Gibbous,68,Rajasthan,Ajmer
06:27 AM,05:57 PM,04:24 PM,03:14 AM,Waxing Gibbous,76,Rajasthan,Jaipur
06:38 AM,06:06 PM,04:36 PM,03:24 AM,Waxing Gibbous,76,Rajasthan,Bikaner
06:47 AM,06:16 PM,04:45 PM,03:35 AM,Waxing Gibbous,76,Rajasthan,Jaisalmer
06:38 AM,06:08 PM,04:35 PM,03:27 AM,Waxing Gibbous,76,Rajasthan,Jodhpur
06:29 AM,05:57 PM,04:26 PM,03:15 AM,Waxing Gibbous,76,Rajasthan,Udaipur
06:31 AM,06:02 PM,04:29 PM,03:20 AM,Waxing Gibbous,76,Rajasthan,Ajmer
06:28 AM,05:56 PM,04:56 PM,04:11 AM,Waxing Gibbous,83,Rajasthan,Jaipur
06:39 AM,06:05 PM,05:07 PM,04:21 AM,Waxing Gibbous,83,Rajasthan,Bikaner
06:47 AM,06:15 PM,05:17 PM,04:31 AM,Waxing Gibbous,83,Rajasthan,Jaisalmer
06:38 AM,06:07 PM,05:08 PM,04:23 AM,Waxing Gibbous,83,Rajasthan,Jodhpur
06:30 AM,05:56 PM,04:58 PM,04:12 AM,Waxing Gibbous,83,Rajasthan,Udaipur
06:32 AM,06:01 PM,05:01 PM,04:16 AM,Waxing Gibbous,83,Rajasthan,Ajmer
06:28 AM,05:55 PM,05:27 PM,05:06 AM,Waxing Gibbous,90,Rajasthan,Jaipur
06:39 AM,06:04 PM,05:37 PM,05:17 AM,Waxing Gibbous,90,Rajasthan,Bikaner
06:48 AM,06:14 PM,05:47 PM,05:27 AM,Waxing Gibbous,90,Rajasthan,Jaisalmer
06:39 AM,06:06 PM,05:39 PM,05:18 AM,Waxing Gibbous,90,Rajasthan,Jodhpur
06:30 AM,05:55 PM,05:28 PM,05:07 AM,Waxing Gibbous,90,Rajasthan,Udaipur
06:33 AM,06:00 PM,05:32 PM,05:11 AM,Waxing Gibbous,90,Rajasthan,Ajmer
06:29 AM,05:54 PM,05:57 PM,06:00 AM,Waxing Gibbous,97,Rajasthan,Jaipur
06:40 AM,06:03 PM,06:07 PM,06:11 AM,Waxing Gibbous,97,Rajasthan,Bikaner
06:49 AM,06:13 PM,06:17 PM,06:20 AM,Waxing Gibbous,97,Rajasthan,Jaisalmer
06:39 AM,06:05 PM,06:09 PM,06:11 AM,Waxing Gibbous,97,Rajasthan,Jodhpur
06:31 AM,05:54 PM,05:58 PM,06:02 AM,Waxing Gibbous,97,Rajasthan,Udaipur
06:33 AM,05:59 PM,06:02 PM,06:05 AM,Waxing Gibbous,97,Rajasthan,Ajmer
06:29 AM,05:53 PM,06:28 PM,06:53 AM,Full Moon,100,Rajasthan,Jaipur
06:41 AM,06:02 PM,06:37 PM,07:05 AM,Full Moon,100,Rajasthan,Bikaner
06:49 AM,06:12 PM,06:48 PM,07:14 AM,Full Moon,100,Rajasthan,Jaisalmer
06:40 AM,06:04 PM,06:40 PM,07:05 AM,Full Moon,100,Rajasthan,Jodhpur
06:31 AM,05:53 PM,06:29 PM,06:56 AM,Full Moon,100,Rajasthan,Udaipur
06:34 AM,05:58 PM,06:34 PM,06:58 AM,Full Moon,100,Rajasthan,Ajmer
06:30 AM,05:52 PM,07:02 PM,07:48 AM,Waxing Gibbous,88,Rajasthan,Jaipur
06:41 AM,06:01 PM,07:10 PM,07:59 AM,Waxing Gibbous,88,Rajasthan,Bikaner
06:50 AM,06:11 PM,07:22 PM,08:08 AM,Waxing Gibbous,88,Rajasthan,Jaisalmer
06:41 AM,06:04 PM,07:14 PM,07:58 AM,Waxing Gibbous,88,Rajasthan,Jodhpur
06:32 AM,05:53 PM,07:02 PM,07:50 AM,Waxing Gibbous,88,Rajasthan,Udaipur
06:34 AM,05:57 PM,07:07 PM,07:52 AM,Waxing Gibbous,88,Rajasthan,Ajmer
05:36 AM,05:07 PM,02:19 PM,12:19 AM,First Quarter,61,Sikkim,Gangtok
05:37 AM,05:08 PM,02:20 PM,12:20 AM,First Quarter,61,Sikkim,Namchi
05:37 AM,05:08 PM,02:21 PM,12:20 AM,First Quarter,61,Sikkim,Gyalshing
05:36 AM,05:07 PM,02:20 PM,12:19 AM,First Quarter,61,Sikkim,Mangan
05:36 AM,05:06 PM,02:58 PM,01:21 AM,Waxing Gibbous,68,Sikkim,Gangtok
05:37 AM,05:07 PM,02:59 PM,01:23 AM,Waxing Gibbous,68,Sikkim,Namchi
05:38 AM,05:07 PM,03:00 PM,01:23 AM,Waxing Gibbous,68,Sikkim,Gyalshing
05:37 AM,05:06 PM,02:59 PM,01:21 AM,Waxing Gibbous,68,Sikkim,Mangan
05:37 AM,05:05 PM,03:33 PM,02:20 AM,Waxing Gibbous,76,Sikkim,Gangtok
05:38 AM,05:06 PM,03:34 PM,02:22 AM,Waxing Gibbous,76,Sikkim,Namchi
05:38 AM,05:06 PM,03:34 PM,02:22 AM,Waxing Gibbous,76,Sikkim,Gyalshing
05:37 AM,05:05 PM,03:33 PM,02:20 AM,Waxing Gibbous,76,Sikkim,Mangan
05:37 AM,05:04 PM,04:04 PM,03:18 AM,Waxing Gibbous,83,Sikkim,Gangtok
05:38 AM,05:05 PM,04:05 PM,03:19 AM,Waxing Gibbous,83,Sikkim,Namchi
05:39 AM,05:06 PM,04:06 PM,03:19 AM,Waxing Gibbous,83,Sikkim,Gyalshing
05:38 AM,05:04 PM,04:05 PM,03:18 AM,Waxing Gibbous,83,Sikkim,Mangan
05:38 AM,05:03 PM,04:34 PM,04:13 AM,Waxing Gibbous,90,Sikkim,Gangtok
05:39 AM,05:04 PM,04:35 PM,04:14 AM,Waxing Gibbous,90,Sikkim,Namchi
05:39 AM,05:05 PM,04:36 PM,04:14 AM,Waxing Gibbous,90,Sikkim,Gyalshing
05:38 AM,05:03 PM,04:35 PM,04:13 AM,Waxing Gibbous,90,Sikkim,Mangan
05:38 AM,05:02 PM,05:05 PM,05:07 AM,Waxing Gibbous,97,Sikkim,Gangtok
05:39 AM,05:03 PM,05:06 PM,05:08 AM,Waxing Gibbous,97,Sikkim,Namchi
05:40 AM,05:04 PM,05:06 PM,05:09 AM,Waxing Gibbous,97,Sikkim,Gyalshing
05:39 AM,05:02 PM,05:05 PM,05:08 AM,Waxing Gibbous,97,Sikkim,Mangan
05:39 AM,05:01 PM,05:36 PM,06:01 AM,Full Moon,100,Sikkim,Gangtok
05:40 AM,05:02 PM,05:37 PM,06:02 AM,Full Moon,100,Sikkim,Namchi
05:40 AM,05:03 PM,05:37 PM,06:02 AM,Full Moon,100,Sikkim,Gyalshing
05:40 AM,05:01 PM,05:36 PM,06:01 AM,Full Moon,100,Sikkim,Mangan
05:40 AM,05:00 PM,06:08 PM,06:55 AM,Waxing Gibbous,88,Sikkim,Gangtok
05:41 AM,05:02 PM,06:10 PM,06:56 AM,Waxing Gibbous,88,Sikkim,Namchi
05:41 AM,05:02 PM,06:10 PM,06:56 AM,Waxing Gibbous,88,Sikkim,Gyalshing
05:40 AM,05:00 PM,06:08 PM,06:55 AM,Waxing Gibbous,88,Sikkim,Mangan
05:59 AM,05:50 PM,02:30 PM,01:21 AM,First Quarter,61,Tamil Nadu,Chennai
06:04 AM,05:58 PM,02:33 PM,01:32 AM,First Quarter,61,Tamil Nadu,Tiruchirappalli
06:06 AM,06:01 PM,02:34 PM,01:36 AM,First Quarter,61,Tamil Nadu,Madurai
06:08 AM,06:01 PM,02:38 PM,01:35 AM,First Quarter,61,Tamil Nadu,Erode
06:04 AM,05:55 PM,02:34 PM,01:26 AM,First Quarter,61,Tamil Nadu,Vellore
06:11 AM,06:04 PM,02:40 PM,01:39 AM,First Quarter,61,Tamil Nadu,Coimbatore
05:59 AM,05:50 PM,03:15 PM,02:17 AM,Waxing Gibbous,68,Tamil Nadu,Chennai
06:04 AM,05:57 PM,03:19 PM,02:27 AM,Waxing Gibbous,68,Tamil Nadu,Tiruchirappalli
06:06 AM,06:00 PM,03:20 PM,02:30 AM,Waxing Gibbous,68,Tamil Nadu,Madurai
06:08 AM,06:01 PM,03:23 PM,02:30 AM,Waxing Gibbous,68,Tamil Nadu,Erode
06:04 AM,05:54 PM,03:19 PM,02:22 AM,Waxing Gibbous,68,Tamil Nadu,Vellore
06:11 AM,06:04 PM,03:26 PM,02:34 AM,Waxing Gibbous,68,Tamil Nadu,Coimbatore
06:00 AM,05:49 PM,03:55 PM,03:10 AM,Waxing Gibbous,76,Tamil Nadu,Chennai
06:04 AM,05:57 PM,04:00 PM,03:19 AM,Waxing Gibbous,76,Tamil Nadu,Tiruchirappalli
06:06 AM,06:00 PM,04:02 PM,03:22 AM,Waxing Gibbous,76,Tamil Nadu,Madurai
06:08 AM,06:00 PM,04:04 PM,03:23 AM,Waxing Gibbous,76,Tamil Nadu,Erode
06:04 AM,05:54 PM,04:00 PM,03:15 AM,Waxing Gibbous,76,Tamil Nadu,Vellore
06:11 AM,06:03 PM,04:07 PM,03:26 AM,Waxing Gibbous,76,Tamil Nadu,Coimbatore
06:00 AM,05:48 PM,04:33 PM,04:00 AM,Waxing Gibbous,83,Tamil Nadu,Chennai
06:04 AM,05:56 PM,04:39 PM,04:08 AM,Waxing Gibbous,83,Tamil Nadu,Tiruchirappalli
06:06 AM,05:59 PM,04:41 PM,04:11 AM,Waxing Gibbous,83,Tamil Nadu,Madurai
06:08 AM,06:00 PM,04:43 PM,04:12 AM,Waxing Gibbous,83,Tamil Nadu,Erode
06:04 AM,05:53 PM,04:38 PM,04:05 AM,Waxing Gibbous,83,Tamil Nadu,Vellore
06:11 AM,06:03 PM,04:47 PM,04:15 AM,Waxing Gibbous,83,Tamil Nadu,Coimbatore
06:00 AM,05:48 PM,05:11 PM,04:49 AM,Waxing Gibbous,90,Tamil Nadu,Chennai
06:04 AM,05:56 PM,05:18 PM,04:56 AM,Waxing Gibbous,90,Tamil Nadu,Tiruchirappalli
06:06 AM,05:59 PM,05:20 PM,04:58 AM,Waxing Gibbous,90,Tamil Nadu,Madurai
06:09 AM,05:59 PM,05:21 PM,05:00 AM,Waxing Gibbous,90,Tamil Nadu,Erode
06:04 AM,05:53 PM,05:15 PM,04:54 AM,Waxing Gibbous,90,Tamil Nadu,Vellore
06:11 AM,06:03 PM,05:25 PM,05:03 AM,Waxing Gibbous,90,Tamil Nadu,Coimbatore
06:00 AM,05:47 PM,05:47 PM,05:37 AM,Waxing Gibbous,97,Tamil Nadu,Chennai
06:05 AM,05:55 PM,05:55 PM,05:42 AM,Waxing Gibbous,97,Tamil Nadu,Tiruchirappalli
06:06 AM,05:58 PM,05:58 PM,05:44 AM,Waxing Gibbous,97,Tamil Nadu,Madurai
06:09 AM,05:59 PM,05:59 PM,05:46 AM,Waxing Gibbous,97,Tamil Nadu,Erode
06:04 AM,05:52 PM,05:52 PM,05:41 AM,Waxing Gibbous,97,Tamil Nadu,Vellore
06:12 AM,06:02 PM,06:02 PM,05:49 AM,Waxing Gibbous,97,Tamil Nadu,Coimbatore
06:00 AM,05:47 PM,06:24 PM,06:23 AM,Full Moon,100,Tamil Nadu,Chennai
06:05 AM,05:55 PM,06:33 PM,06:28 AM,Full Moon,100,Tamil Nadu,Tiruchirappalli
06:06 AM,05:58 PM,06:36 PM,06:30 AM,Full Moon,100,Tamil Nadu,Madurai
06:09 AM,05:58 PM,06:36 PM,06:33 AM,Full Moon,100,Tamil Nadu,Erode
06:05 AM,05:52 PM,06:29 PM,06:28 AM,Full Moon,100,Tamil Nadu,Vellore
06:12 AM,06:02 PM,06:40 PM,06:36 AM,Full Moon,100,Tamil Nadu,Coimbatore
06:00 AM,05:46 PM,07:03 PM,07:12 AM,Waxing Gibbous,88,Tamil Nadu,Chennai
06:05 AM,05:55 PM,07:13 PM,07:16 AM,Waxing Gibbous,88,Tamil Nadu,Tiruchirappalli
06:06 AM,05:58 PM,07:16 PM,07:17 AM,Waxing Gibbous,88,Tamil Nadu,Madurai
06:09 AM,05:58 PM,07:16 PM,07:20 AM,Waxing Gibbous,88,Tamil Nadu,Erode
06:05 AM,05:51 PM,07:08 PM,07:16 AM,Waxing Gibbous,88,Tamil Nadu,Vellore
06:12 AM,06:01 PM,07:20 PM,07:23 AM,Waxing Gibbous,88,Tamil Nadu,Coimbatore
06:09 AM,05:54 PM,02:44 PM,01:21 AM,First Quarter,61,Telangana,Hyderabad
06:05 AM,05:50 PM,02:40 PM,01:15 AM,First Quarter,61,Telangana,Warangal
06:11 AM,05:55 PM,02:48 PM,01:20 AM,First Quarter,61,Telangana,Nizamabad
06:07 AM,05:51 PM,02:43 PM,01:16 AM,First Quarter,61,Telangana,Karimnagar
06:10 AM,05:53 PM,02:47 PM,01:17 AM,First Quarter,61,Telangana,Adilabad
06:02 AM,05:48 PM,02:37 PM,01:14 AM,First Quarter,61,Telangana,Khammam
06:09 AM,05:54 PM,03:27 PM,02:18 AM,Waxing Gibbous,68,Telangana,Hyderabad
06:05 AM,05:49 PM,03:23 PM,02:13 AM,Waxing Gibbous,68,Telangana,Warangal
06:12 AM,05:54 PM,03:30 PM,02:18 AM,Waxing Gibbous,68,Telangana,Nizamabad
06:07 AM,05:50 PM,03:26 PM,02:14 AM,Waxing Gibbous,68,Telangana,Karimnagar
06:11 AM,05:52 PM,03:30 PM,02:15 AM,Waxing Gibbous,68,Telangana,Adilabad
06:03 AM,05:47 PM,03:20 PM,02:12 AM,Waxing Gibbous,68,Telangana,Khammam
06:10 AM,05:53 PM,04:06 PM,03:14 AM,Waxing Gibbous,76,Telangana,Hyderabad
06:06 AM,05:48 PM,04:02 PM,03:08 AM,Waxing Gibbous,76,Telangana,Warangal
06:12 AM,05:54 PM,04:08 PM,03:14 AM,Waxing Gibbous,76,Telangana,Nizamabad
06:08 AM,05:50 PM,04:04 PM,03:10 AM,Waxing Gibbous,76,Telangana,Karimnagar
06:11 AM,05:51 PM,04:07 PM,03:11 AM,Waxing Gibbous,76,Telangana,Adilabad
06:03 AM,05:47 PM,03:59 PM,03:07 AM,Waxing Gibbous,76,Telangana,Khammam
06:10 AM,05:53 PM,04:42 PM,04:06 AM,Waxing Gibbous,83,Telangana,Hyderabad
06:06 AM,05:48 PM,04:38 PM,04:01 AM,Waxing Gibbous,83,Telangana,Warangal
06:12 AM,05:53 PM,04:44 PM,04:06 AM,Waxing Gibbous,83,Telangana,Nizamabad
06:08 AM,05:49 PM,04:40 PM,04:02 AM,Waxing Gibbous,83,Telangana,Karimnagar
06:11 AM,05:51 PM,04:43 PM,04:04 AM,Waxing Gibbous,83,Telangana,Adilabad
06:03 AM,05:46 PM,04:35 PM,03:59 AM,Waxing Gibbous,83,Telangana,Khammam
06:10 AM,05:52 PM,05:18 PM,04:56 AM,Waxing Gibbous,90,Telangana,Hyderabad
06:06 AM,05:47 PM,05:13 PM,04:51 AM,Waxing Gibbous,90,Telangana,Warangal
06:12 AM,05:52 PM,05:19 PM,04:57 AM,Waxing Gibbous,90,Telangana,Nizamabad
06:08 AM,05:48 PM,05:15 PM,04:53 AM,Waxing Gibbous,90,Telangana,Karimnagar
06:12 AM,05:50 PM,05:17 PM,04:55 AM,Waxing Gibbous,90,Telangana,Adilabad
06:03 AM,05:45 PM,05:11 PM,04:49 AM,Waxing Gibbous,90,Telangana,Khammam
06:10 AM,05:51 PM,05:52 PM,05:46 AM,Waxing Gibbous,97,Telangana,Hyderabad
06:06 AM,05:46 PM,05:47 PM,05:41 AM,Waxing Gibbous,97,Telangana,Warangal
06:13 AM,05:52 PM,05:53 PM,05:47 AM,Waxing Gibbous,97,Telangana,Nizamabad
06:08 AM,05:48 PM,05:49 PM,05:43 AM,Waxing Gibbous,97,Telangana,Karimnagar
06:12 AM,05:49 PM,05:51 PM,05:46 AM,Waxing Gibbous,97,Telangana,Adilabad
06:04 AM,05:45 PM,05:46 PM,05:39 AM,Waxing Gibbous,97,Telangana,Khammam
06:11 AM,05:51 PM,06:27 PM,06:34 AM,Full Moon,100,Telangana,Hyderabad
06:07 AM,05:46 PM,06:22 PM,06:30 AM,Full Moon,100,Telangana,Warangal
06:13 AM,05:51 PM,06:28 PM,06:37 AM,Full Moon,100,Telangana,Nizamabad
06:09 AM,05:47 PM,06:24 PM,06:32 AM,Full Moon,100,Telangana,Karimnagar
06:12 AM,05:49 PM,06:25 PM,06:36 AM,Full Moon,100,Telangana,Adilabad
06:04 AM,05:44 PM,06:21 PM,06:27 AM,Full Moon,100,Telangana,Khammam
06:11 AM,05:50 PM,07:05 PM,07:24 AM,Waxing Gibbous,88,Telangana,Hyderabad
06:07 AM,05:45 PM,06:59 PM,07:20 AM,Waxing Gibbous,88,Telangana,Warangal
06:13 AM,05:50 PM,07:05 PM,07:27 AM,Waxing Gibbous,88,Telangana,Nizamabad
06:09 AM,05:46 PM,07:01 PM,07:23 AM,Waxing Gibbous,88,Telangana,Karimnagar
06:13 AM,05:48 PM,07:01 PM,07:27 AM,Waxing Gibbous,88,Telangana,Adilabad
06:04 AM,05:44 PM,06:58 PM,07:17 AM,Waxing Gibbous,88,Telangana,Khammam
05:22 AM,04:59 PM,02:02 PM,12:15 AM,First Quarter,61,Tripura,Agartala
05:41 AM,05:16 PM,02:22 PM,12:31 AM,First Quarter,61,Tripura,Amarpur
06:28 AM,05:59 PM,03:14 PM,01:13 AM,First Quarter,61,Tripura,Udaipur
06:03 AM,05:38 PM,02:44 PM,12:53 AM,First Quarter,61,Tripura,Kunjaban
05:23 AM,04:58 PM,02:42 PM,01:16 AM,Waxing Gibbous,68,Tripura,Agartala
05:41 AM,05:15 PM,03:02 PM,01:32 AM,Waxing Gibbous,68,Tripura,Amarpur
06:29 AM,05:58 PM,03:53 PM,02:15 AM,Waxing Gibbous,68,Tripura,Udaipur
06:04 AM,05:38 PM,03:25 PM,01:54 AM,Waxing Gibbous,68,Tripura,Kunjaban
05:23 AM,04:57 PM,03:19 PM,02:13 AM,Waxing Gibbous,76,Tripura,Agartala
05:42 AM,05:14 PM,03:38 PM,02:30 AM,Waxing Gibbous,76,Tripura,Amarpur
06:29 AM,05:57 PM,04:26 PM,03:15 AM,Waxing Gibbous,76,Tripura,Udaipur
06:04 AM,05:37 PM,04:00 PM,02:53 AM,Waxing Gibbous,76,Tripura,Kunjaban
05:24 AM,04:56 PM,03:52 PM,03:09 AM,Waxing Gibbous,83,Tripura,Agartala
05:42 AM,05:13 PM,04:10 PM,03:26 AM,Waxing Gibbous,83,Tripura,Amarpur
06:30 AM,05:56 PM,04:58 PM,04:12 AM,Waxing Gibbous,83,Tripura,Udaipur
06:04 AM,05:36 PM,04:33 PM,03:49 AM,Waxing Gibbous,83,Tripura,Kunjaban
05:24 AM,04:55 PM,04:24 PM,04:02 AM,Waxing Gibbous,90,Tripura,Agartala
05:43 AM,05:12 PM,04:42 PM,04:20 AM,Waxing Gibbous,90,Tripura,Amarpur
06:30 AM,05:55 PM,05:28 PM,05:07 AM,Waxing Gibbous,90,Tripura,Udaipur
06:05 AM,05:35 PM,05:04 PM,04:42 AM,Waxing Gibbous,90,Tripura,Kunjaban
05:25 AM,04:55 PM,04:56 PM,04:55 AM,Waxing Gibbous,97,Tripura,Agartala
05:43 AM,05:11 PM,05:13 PM,05:13 AM,Waxing Gibbous,97,Tripura,Amarpur
06:31 AM,05:54 PM,05:58 PM,06:02 AM,Waxing Gibbous,97,Tripura,Udaipur
06:05 AM,05:34 PM,05:36 PM,05:36 AM,Waxing Gibbous,97,Tripura,Kunjaban
05:25 AM,04:54 PM,05:29 PM,05:47 AM,Full Moon,100,Tripura,Agartala
05:44 AM,05:10 PM,05:45 PM,06:06 AM,Full Moon,100,Tripura,Amarpur
06:31 AM,05:53 PM,06:29 PM,06:56 AM,Full Moon,100,Tripura,Udaipur
06:06 AM,05:33 PM,06:08 PM,06:28 AM,Full Moon,100,Tripura,Kunjaban
05:26 AM,04:53 PM,06:03 PM,06:39 AM,Waxing Gibbous,88,Tripura,Agartala
05:44 AM,05:09 PM,06:19 PM,06:59 AM,Waxing Gibbous,88,Tripura,Amarpur
06:32 AM,05:53 PM,07:02 PM,07:50 AM,Waxing Gibbous,88,Tripura,Udaipur
06:06 AM,05:32 PM,06:42 PM,07:21 AM,Waxing Gibbous,88,Tripura,Kunjaban
06:06 AM,05:38 PM,02:50 PM,12:52 AM,First Quarter,61,Uttar Pradesh,Lucknow
06:21 AM,05:51 PM,03:09 PM,01:03 AM,First Quarter,61,Uttar Pradesh,Noida
05:56 AM,05:31 PM,02:39 PM,12:46 AM,First Quarter,61,Uttar Pradesh,Varanasi
06:01 AM,05:36 PM,02:44 PM,12:51 AM,First Quarter,61,Uttar Pradesh,Allahabad
06:17 AM,05:50 PM,03:03 PM,01:04 AM,First Quarter,61,Uttar Pradesh,Agra
06:08 AM,05:41 PM,02:52 PM,12:55 AM,First Quarter,61,Uttar Pradesh,Kanpur
06:06 AM,05:37 PM,03:29 PM,01:54 AM,Waxing Gibbous,68,Uttar Pradesh,Lucknow
06:22 AM,05:50 PM,03:46 PM,02:06 AM,Waxing Gibbous,68,Uttar Pradesh,Noida
05:57 AM,05:30 PM,03:19 PM,01:48 AM,Waxing Gibbous,68,Uttar Pradesh,Varanasi
06:02 AM,05:35 PM,03:24 PM,01:52 AM,Waxing Gibbous,68,Uttar Pradesh,Allahabad
06:18 AM,05:49 PM,03:42 PM,02:05 AM,Waxing Gibbous,68,Uttar Pradesh,Agra
06:08 AM,05:40 PM,03:31 PM,01:57 AM,Waxing Gibbous,68,Uttar Pradesh,Kanpur
06:07 AM,05:36 PM,04:04 PM,02:53 AM,Waxing Gibbous,76,Uttar Pradesh,Lucknow
06:22 AM,05:49 PM,04:20 PM,03:06 AM,Waxing Gibbous,76,Uttar Pradesh,Noida
05:57 AM,05:29 PM,03:54 PM,02:46 AM,Waxing Gibbous,76,Uttar Pradesh,Varanasi
06:02 AM,05:34 PM,03:59 PM,02:51 AM,Waxing Gibbous,76,Uttar Pradesh,Allahabad
06:19 AM,05:48 PM,04:16 PM,03:05 AM,Waxing Gibbous,76,Uttar Pradesh,Agra
06:09 AM,05:39 PM,04:06 PM,02:56 AM,Waxing Gibbous,76,Uttar Pradesh,Kanpur
06:07 AM,05:35 PM,04:35 PM,03:50 AM,Waxing Gibbous,83,Uttar Pradesh,Lucknow
06:23 AM,05:48 PM,04:51 PM,04:04 AM,Waxing Gibbous,83,Uttar Pradesh,Noida
05:58 AM,05:28 PM,04:26 PM,03:42 AM,Waxing Gibbous,83,Uttar Pradesh,Varanasi
06:03 AM,05:33 PM,04:31 PM,03:47 AM,Waxing Gibbous,83,Uttar Pradesh,Allahabad
06:19 AM,05:47 PM,04:47 PM,04:02 AM,Waxing Gibbous,83,Uttar Pradesh,Agra
06:09 AM,05:38 PM,04:38 PM,03:53 AM,Waxing Gibbous,83,Uttar Pradesh,Kanpur
06:08 AM,05:35 PM,05:06 PM,04:45 AM,Waxing Gibbous,90,Uttar Pradesh,Lucknow
06:24 AM,05:47 PM,05:21 PM,05:00 AM,Waxing Gibbous,90,Uttar Pradesh,Noida
05:58 AM,05:27 PM,04:58 PM,04:36 AM,Waxing Gibbous,90,Uttar Pradesh,Varanasi
06:03 AM,05:32 PM,05:03 PM,04:41 AM,Waxing Gibbous,90,Uttar Pradesh,Allahabad
06:20 AM,05:46 PM,05:18 PM,04:57 AM,Waxing Gibbous,90,Uttar Pradesh,Agra
06:10 AM,05:37 PM,05:09 PM,04:47 AM,Waxing Gibbous,90,Uttar Pradesh,Kanpur
06:08 AM,05:34 PM,05:37 PM,05:39 AM,Waxing Gibbous,97,Uttar Pradesh,Lucknow
06:24 AM,05:46 PM,05:50 PM,05:55 AM,Waxing Gibbous,97,Uttar Pradesh,Noida
05:59 AM,05:27 PM,05:29 PM,05:30 AM,Waxing Gibbous,97,Uttar Pradesh,Varanasi
06:04 AM,05:31 PM,05:34 PM,05:35 AM,Waxing Gibbous,97,Uttar Pradesh,Allahabad
06:20 AM,05:45 PM,05:48 PM,05:51 AM,Waxing Gibbous,97,Uttar Pradesh,Agra
06:10 AM,05:36 PM,05:39 PM,05:41 AM,Waxing Gibbous,97,Uttar Pradesh,Kanpur
06:09 AM,05:33 PM,06:08 PM,06:32 AM,Full Moon,100,Uttar Pradesh,Lucknow
06:25 AM,05:45 PM,06:20 PM,06:49 AM,Full Moon,100,Uttar Pradesh,Noida
05:59 AM,05:26 PM,06:01 PM,06:22 AM,Full Moon,100,Uttar Pradesh,Varanasi
06:04 AM,05:30 PM,06:05 PM,06:27 AM,Full Moon,100,Uttar Pradesh,Allahabad
06:21 AM,05:44 PM,06:19 PM,06:45 AM,Full Moon,100,Uttar Pradesh,Agra
06:11 AM,05:35 PM,06:10 PM,06:34 AM,Full Moon,100,Uttar Pradesh,Kanpur
06:10 AM,05:32 PM,06:41 PM,07:26 AM,Waxing Gibbous,88,Uttar Pradesh,Lucknow
06:26 AM,05:44 PM,06:53 PM,07:44 AM,Waxing Gibbous,88,Uttar Pradesh,Noida
06:00 AM,05:25 PM,06:34 PM,07:16 AM,Waxing Gibbous,88,Uttar Pradesh,Varanasi
06:05 AM,05:29 PM,06:39 PM,07:21 AM,Waxing Gibbous,88,Uttar Pradesh,Allahabad
06:21 AM,05:43 PM,06:52 PM,07:39 AM,Waxing Gibbous,88,Uttar Pradesh,Agra
06:11 AM,05:34 PM,06:44 PM,07:28 AM,Waxing Gibbous,88,Uttar Pradesh,Kanpur
06:20 AM,05:47 PM,03:09 PM,12:56 AM,First Quarter,61,Uttarakhand,Dehradun
06:19 AM,05:47 PM,03:08 PM,12:57 AM,First Quarter,61,Uttarakhand,Haridwar
06:20 AM,05:48 PM,03:09 PM,12:58 AM,First Quarter,61,Uttarakhand,Roorkee
06:18 AM,05:46 PM,03:07 PM,12:56 AM,First Quarter,61,Uttarakhand,Rishikesh
06:15 AM,05:44 PM,03:03 PM,12:55 AM,First Quarter,61,Uttarakhand,Kashipur
06:13 AM,05:42 PM,03:01 PM,12:53 AM,First Quarter,61,Uttarakhand,Haldwani
06:20 AM,05:46 PM,03:46 PM,02:00 AM,Waxing Gibbous,68,Uttarakhand,Dehradun
06:20 AM,05:46 PM,03:45 PM,02:00 AM,Waxing Gibbous,68,Uttarakhand,Haridwar
06:21 AM,05:47 PM,03:46 PM,02:01 AM,Waxing Gibbous,68,Uttarakhand,Roorkee
06:19 AM,05:45 PM,03:45 PM,01:59 AM,Waxing Gibbous,68,Uttarakhand,Rishikesh
06:16 AM,05:43 PM,03:41 PM,01:58 AM,Waxing Gibbous,68,Uttarakhand,Kashipur
06:14 AM,05:41 PM,03:38 PM,01:56 AM,Waxing Gibbous,68,Uttarakhand,Haldwani
06:21 AM,05:45 PM,04:18 PM,03:01 AM,Waxing Gibbous,76,Uttarakhand,Dehradun
06:20 AM,05:45 PM,04:17 PM,03:01 AM,Waxing Gibbous,76,Uttarakhand,Haridwar
06:21 AM,05:46 PM,04:19 PM,03:02 AM,Waxing Gibbous,76,Uttarakhand,Roorkee
06:20 AM,05:44 PM,04:17 PM,03:00 AM,Waxing Gibbous,76,Uttarakhand,Rishikesh
06:16 AM,05:42 PM,04:14 PM,02:58 AM,Waxing Gibbous,76,Uttarakhand,Kashipur
06:14 AM,05:40 PM,04:11 PM,02:56 AM,Waxing Gibbous,76,Uttarakhand,Haldwani
06:22 AM,05:44 PM,04:48 PM,04:00 AM,Waxing Gibbous,83,Uttarakhand,Dehradun
06:21 AM,05:44 PM,04:48 PM,03:59 AM,Waxing Gibbous,83,Uttarakhand,Haridwar
06:22 AM,05:45 PM,04:49 PM,04:01 AM,Waxing Gibbous,83,Uttarakhand,Roorkee
06:20 AM,05:43 PM,04:47 PM,03:59 AM,Waxing Gibbous,83,Uttarakhand,Rishikesh
06:17 AM,05:41 PM,04:44 PM,03:57 AM,Waxing Gibbous,83,Uttarakhand,Kashipur
06:15 AM,05:39 PM,04:42 PM,03:54 AM,Waxing Gibbous,83,Uttarakhand,Haldwani
06:22 AM,05:43 PM,05:18 PM,04:56 AM,Waxing Gibbous,90,Uttarakhand,Dehradun
06:22 AM,05:43 PM,05:17 PM,04:56 AM,Waxing Gibbous,90,Uttarakhand,Haridwar
06:23 AM,05:44 PM,05:18 PM,04:57 AM,Waxing Gibbous,90,Uttarakhand,Roorkee
06:21 AM,05:42 PM,05:16 PM,04:55 AM,Waxing Gibbous,90,Uttarakhand,Rishikesh
06:18 AM,05:40 PM,05:14 PM,04:53 AM,Waxing Gibbous,90,Uttarakhand,Kashipur
06:15 AM,05:38 PM,05:12 PM,04:50 AM,Waxing Gibbous,90,Uttarakhand,Haldwani
06:23 AM,05:42 PM,05:46 PM,05:52 AM,Waxing Gibbous,97,Uttarakhand,Dehradun
06:22 AM,05:42 PM,05:46 PM,05:52 AM,Waxing Gibbous,97,Uttarakhand,Haridwar
06:23 AM,05:43 PM,05:47 PM,05:53 AM,Waxing Gibbous,97,Uttarakhand,Roorkee
06:22 AM,05:41 PM,05:45 PM,05:51 AM,Waxing Gibbous,97,Uttarakhand,Rishikesh
06:18 AM,05:39 PM,05:43 PM,05:48 AM,Waxing Gibbous,97,Uttarakhand,Kashipur
06:16 AM,05:37 PM,05:41 PM,05:46 AM,Waxing Gibbous,97,Uttarakhand,Haldwani
06:24 AM,05:41 PM,06:15 PM,06:47 AM,Full Moon,100,Uttarakhand,Dehradun
06:23 AM,05:41 PM,06:15 PM,06:47 AM,Full Moon,100,Uttarakhand,Haridwar
06:24 AM,05:42 PM,06:16 PM,06:48 AM,Full Moon,100,Uttarakhand,Roorkee
06:22 AM,05:40 PM,06:14 PM,06:46 AM,Full Moon,100,Uttarakhand,Rishikesh
06:19 AM,05:38 PM,06:13 PM,06:43 AM,Full Moon,100,Uttarakhand,Kashipur
06:17 AM,05:36 PM,06:11 PM,06:40 AM,Full Moon,100,Uttarakhand,Haldwani
06:24 AM,05:40 PM,06:47 PM,07:43 AM,Waxing Gibbous,88,Uttarakhand,Dehradun
06:24 AM,05:40 PM,06:47 PM,07:42 AM,Waxing Gibbous,88,Uttarakhand,Haridwar
06:25 AM,05:41 PM,06:48 PM,07:43 AM,Waxing Gibbous,88,Uttarakhand,Roorkee
06:23 AM,05:39 PM,06:46 PM,07:42 AM,Waxing Gibbous,88,Uttarakhand,Rishikesh
06:20 AM,05:37 PM,06:45 PM,07:38 AM,Waxing Gibbous,88,Uttarakhand,Kashipur
06:17 AM,05:35 PM,06:43 PM,07:36 AM,Waxing Gibbous,88,Uttarakhand,Haldwani
05:33 AM,05:11 PM,02:12 PM,12:30 AM,First Quarter,61,West Bengal,Kolkata
05:37 AM,05:09 PM,02:20 PM,12:21 AM,First Quarter,61,West Bengal,Darjeeling
06:22 AM,05:51 PM,03:10 PM,01:02 AM,First Quarter,61,West Bengal,Siliguri
05:40 AM,05:16 PM,02:19 PM,12:33 AM,First Quarter,61,West Bengal,Asansol
05:34 AM,05:12 PM,02:12 PM,12:30 AM,First Quarter,61,West Bengal,Howrah
05:38 AM,05:15 PM,02:18 PM,12:32 AM,First Quarter,61,West Bengal,Durgapur
05:34 AM,05:11 PM,02:53 PM,01:30 AM,Waxing Gibbous,68,West Bengal,Kolkata
05:37 AM,05:08 PM,02:59 PM,01:23 AM,Waxing Gibbous,68,West Bengal,Darjeeling
06:23 AM,05:50 PM,03:47 PM,02:04 AM,Waxing Gibbous,68,West Bengal,Siliguri
05:40 AM,05:15 PM,03:00 PM,01:34 AM,Waxing Gibbous,68,West Bengal,Asansol
05:34 AM,05:11 PM,02:53 PM,01:30 AM,Waxing Gibbous,68,West Bengal,Howrah
05:39 AM,05:14 PM,02:58 PM,01:33 AM,Waxing Gibbous,68,West Bengal,Durgapur
05:34 AM,05:10 PM,03:30 PM,02:27 AM,Waxing Gibbous,76,West Bengal,Kolkata
05:38 AM,05:07 PM,03:34 PM,02:22 AM,Waxing Gibbous,76,West Bengal,Darjeeling
06:23 AM,05:49 PM,04:20 PM,03:05 AM,Waxing Gibbous,76,West Bengal,Siliguri
05:40 AM,05:15 PM,03:36 PM,02:31 AM,Waxing Gibbous,76,West Bengal,Asansol
05:34 AM,05:10 PM,03:30 PM,02:27 AM,Waxing Gibbous,76,West Bengal,Howrah
05:39 AM,05:13 PM,03:35 PM,02:30 AM,Waxing Gibbous,76,West Bengal,Durgapur
05:35 AM,05:09 PM,04:03 PM,03:22 AM,Waxing Gibbous,83,West Bengal,Kolkata
05:38 AM,05:06 PM,04:05 PM,03:19 AM,Waxing Gibbous,83,West Bengal,Darjeeling
06:24 AM,05:48 PM,04:51 PM,04:03 AM,Waxing Gibbous,83,West Bengal,Siliguri
05:41 AM,05:14 PM,04:09 PM,03:27 AM,Waxing Gibbous,83,West Bengal,Asansol
05:35 AM,05:09 PM,04:04 PM,03:22 AM,Waxing Gibbous,83,West Bengal,Howrah
05:39 AM,05:12 PM,04:08 PM,03:26 AM,Waxing Gibbous,83,West Bengal,Durgapur
05:35 AM,05:08 PM,04:36 PM,04:14 AM,Waxing Gibbous,90,West Bengal,Kolkata
05:39 AM,05:05 PM,04:36 PM,04:14 AM,Waxing Gibbous,90,West Bengal,Darjeeling
06:25 AM,05:47 PM,05:21 PM,04:59 AM,Waxing Gibbous,90,West Bengal,Siliguri
05:41 AM,05:13 PM,04:42 PM,04:20 AM,Waxing Gibbous,90,West Bengal,Asansol
05:35 AM,05:08 PM,04:36 PM,04:14 AM,Waxing Gibbous,90,West Bengal,Howrah
05:40 AM,05:12 PM,04:40 PM,04:18 AM,Waxing Gibbous,90,West Bengal,Durgapur
05:35 AM,05:07 PM,05:09 PM,05:06 AM,Waxing Gibbous,97,West Bengal,Kolkata
05:40 AM,05:04 PM,05:06 PM,05:08 AM,Waxing Gibbous,97,West Bengal,Darjeeling
06:25 AM,05:46 PM,05:50 PM,05:55 AM,Waxing Gibbous,97,West Bengal,Siliguri
05:42 AM,05:12 PM,05:14 PM,05:13 AM,Waxing Gibbous,97,West Bengal,Asansol
05:36 AM,05:08 PM,05:09 PM,05:07 AM,Waxing Gibbous,97,West Bengal,Howrah
05:40 AM,05:11 PM,05:13 PM,05:11 AM,Waxing Gibbous,97,West Bengal,Durgapur
05:36 AM,05:07 PM,05:42 PM,05:58 AM,Full Moon,100,West Bengal,Kolkata
05:40 AM,05:03 PM,05:38 PM,06:02 AM,Full Moon,100,West Bengal,Darjeeling
06:26 AM,05:45 PM,06:19 PM,06:49 AM,Full Moon,100,West Bengal,Siliguri
05:42 AM,05:11 PM,05:47 PM,06:04 AM,Full Moon,100,West Bengal,Asansol
05:36 AM,05:07 PM,05:42 PM,05:58 AM,Full Moon,100,West Bengal,Howrah
05:41 AM,05:10 PM,05:45 PM,06:03 AM,Full Moon,100,West Bengal,Durgapur
05:36 AM,05:06 PM,06:17 PM,06:49 AM,Waxing Gibbous,88,West Bengal,Kolkata
05:41 AM,05:02 PM,06:10 PM,06:56 AM,Waxing Gibbous,88,West Bengal,Darjeeling
06:27 AM,05:44 PM,06:52 PM,07:45 AM,Waxing Gibbous,88,West Bengal,Siliguri
05:43 AM,05:10 PM,06:21 PM,06:57 AM,Waxing Gibbous,88,West Bengal,Asansol
05:37 AM,05:06 PM,06:17 PM,06:50 AM,Waxing Gibbous,88,West Bengal,Howrah
05:41 AM,05:09 PM,06:20 PM,06:55 AM,Waxing Gibbous,88,West Bengal,Durgapur
